"","session","tos","speaker"
"1",1,1,"Analista"
"2",1,2,"Analisando"
"3",1,3,"Analista"
"4",1,4,"Analisando"
"5",1,5,"Analista"
"6",1,6,"Analisando"
"7",1,7,"Analista"
"8",1,8,"Analisando"
"9",1,9,"Analista"
"10",1,10,"Analisando"
"11",1,11,"Analista"
"12",1,12,"Analisando"
"13",1,13,"Analista"
"14",1,14,"Analisando"
"15",1,15,"Analista"
"16",1,16,"Analisando"
"17",1,17,"Analista"
"18",1,18,"Analisando"
"19",1,19,"Analista"
"20",1,20,"Analisando"
"21",1,21,"Analista"
"22",1,22,"Analisando"
"23",1,23,"Analista"
"24",1,24,"Analisando"
"25",1,25,"Analista"
"26",1,26,"Analisando"
"27",1,27,"Analista"
"28",1,28,"Analisando"
"29",1,29,"Analista"
"30",1,30,"Analisando"
"31",1,31,"Analista"
"32",1,32,"Analisando"
"34",1,34,"Analisando"
"35",1,35,"Analista"
"36",1,36,"Analisando"
"37",2,1,"Analisando"
"38",2,2,"Analista"
"39",2,3,"Analisando"
"40",2,4,"Analista"
"41",2,5,"Analisando"
"42",2,6,"Analista"
"43",2,7,"Analisando"
"44",2,8,"Analista"
"45",2,9,"Analisando"
"46",2,10,"Analista"
"47",2,11,"Analisando"
"48",2,12,"Analista"
"49",2,13,"Analisando"
"50",2,14,"Analista"
"51",2,15,"Analisando"
"52",2,16,"Analista"
"53",2,17,"Analisando"
"54",2,18,"Analista"
"55",2,19,"Analisando"
"56",2,20,"Analista"
"57",2,21,"Analisando"
"58",2,22,"Analista"
"59",2,23,"Analisando"
"60",2,24,"Analista"
"61",2,25,"Analisando"
"62",2,26,"Analista"
"63",2,27,"Analisando"
"64",2,28,"Analista"
"65",2,29,"Analisando"
"66",2,30,"Analista"
"67",2,31,"Analisando"
"68",2,32,"Analista"
"69",2,33,"Analisando"
"70",2,34,"Analista"
"71",2,35,"Analisando"
"72",2,36,"Analista"
"73",2,37,"Analisando"
"74",2,38,"Analista"
"75",2,39,"Analisando"
"76",2,40,"Analista"
"77",2,41,"Analisando"
"78",2,42,"Analista"
"79",2,43,"Analisando"
"80",2,44,"Analista"
"81",2,45,"Analisando"
"82",2,46,"Analista"
"83",2,47,"Analisando"
"84",2,48,"Analista"
"85",2,49,"Analisando"
"86",2,50,"Analista"
"87",2,51,"Analisando"
"88",2,52,"Analista"
"89",2,53,"Analisando"
"90",2,54,"Analista"
"91",2,55,"Analisando"
"92",2,56,"Analista"
"93",2,57,"Analisando"
"94",2,58,"Analista"
"95",2,59,"Analisando"
"96",2,60,"Analista"
"97",2,61,"Analisando"
"98",2,62,"Analista"
"99",2,63,"Analisando"
"100",2,64,"Analista"
"101",2,65,"Analisando"
"102",2,66,"Analista"
"103",2,67,"Analisando"
"104",2,68,"Analista"
"105",2,69,"Analisando"
"106",2,70,"Analista"
"107",2,71,"Analisando"
"108",2,72,"Analista"
"109",2,73,"Analisando"
"110",2,74,"Analista"
"111",3,1,"Analisando"
"112",3,2,"Analista"
"113",3,3,"Analisando"
"114",3,4,"Analista"
"115",3,5,"Analisando"
"116",3,6,"Analista"
"117",3,7,"Analisando"
"118",3,8,"Analista"
"119",3,9,"Analisando"
"120",3,10,"Analista"
"121",3,11,"Analisando"
"122",3,12,"Analista"
"123",3,13,"Analisando"
"124",3,14,"Analista"
"125",3,15,"Analisando"
"126",3,16,"Analista"
"127",3,17,"Analisando"
"128",3,18,"Analisando"
"129",3,19,"Analista"
"130",3,20,"Analisando"
"131",3,21,"Analista"
"132",3,22,"Analisando"
"133",3,23,"Analista"
"134",3,24,"Analisando"
"135",3,25,"Analista"
"136",3,26,"Analisando"
"137",3,27,"Analista"
"138",3,28,"Analisando"
"139",3,29,"Analista"
"140",3,30,"Analisando"
"141",3,31,"Analista"
"142",3,32,"Analisando"
"143",3,33,"Analista"
"144",3,34,"Analisando"
"145",3,35,"Analista"
"146",3,36,"Analisando"
"147",3,37,"Analista"
"148",3,38,"Analisando"
"149",3,39,"Analista"
"150",3,40,"Analisando"
"151",3,41,"Analista"
"152",3,42,"Analisando"
"153",3,43,"Analista"
"155",3,45,"Analista"
"157",3,47,"Analista"
"158",3,48,"Analisando"
"159",3,49,"Analista"
"160",3,50,"Analisando"
"161",3,51,"Analista"
"162",3,52,"Analisando"
"163",3,53,"Analista"
"164",3,54,"Analisando"
"165",3,55,"Analista"
"166",3,56,"Analisando"
"167",3,57,"Analista"
"168",3,58,"Analisando"
"169",3,59,"Analista"
"170",3,60,"Analisando"
"171",3,61,"Analista"
"172",3,62,"Analisando"
"173",3,63,"Analista"
"174",3,64,"Analisando"
"175",3,65,"Analista"
"176",3,66,"Analisando"
"177",3,67,"Analista"
"178",3,68,"Analisando"
"179",3,69,"Analista"
"180",3,70,"Analisando"
"181",3,71,"Analista"
"182",3,72,"Analisando"
"183",3,73,"Analista"
"184",3,74,"Analisando"
"185",3,75,"Analista"
"186",3,76,"Analisando"
"187",3,77,"Analista"
"188",3,78,"Analisando"
"189",3,79,"Analista"
"190",3,80,"Analisando"
"191",3,81,"Analista"
"192",3,82,"Analisando"
"193",3,83,"Analista"
"194",3,84,"Analisando"
"195",3,85,"Analista"
"196",3,86,"Analisando"
"197",3,87,"Analista"
"198",3,88,"Analisando"
"199",3,89,"Analista"
"200",3,90,"Analisando"
"201",3,91,"Analista"
"202",3,92,"Analisando"
"203",3,93,"Analista"
"204",3,94,"Analisando"
"205",3,95,"Analista"
"206",3,96,"Analisando"
"207",3,97,"Analista"
"208",3,98,"Analisando"
"209",3,99,"Analista"
"210",4,1,"Analisando"
"211",4,2,"Analista"
"212",4,3,"Analisando"
"213",4,4,"Analista"
"214",4,5,"Analisando"
"215",4,6,"Analista"
"216",4,7,"Analisando"
"217",4,8,"Analista"
"218",4,9,"Analisando"
"219",4,10,"Analista"
"220",4,11,"Analisando"
"221",4,12,"Analista"
"222",4,13,"Analisando"
"223",4,14,"Analista"
"224",4,15,"Analisando"
"225",4,16,"Analista"
"226",4,17,"Analisando"
"227",4,18,"Analista"
"228",4,19,"Analisando"
"229",4,20,"Analista"
"230",4,21,"Analisando"
"231",4,22,"Analista"
"232",4,23,"Analisando"
"233",4,24,"Analista"
"234",4,25,"Analisando"
"235",4,26,"Analista"
"236",4,27,"Analisando"
"237",4,28,"Analista"
"238",4,29,"Analisando"
"239",4,30,"Analista"
"240",4,31,"Analisando"
"241",4,32,"Analista"
"242",4,33,"Analisando"
"243",4,34,"Analista"
"244",4,35,"Analisando"
"245",4,36,"Analista"
"246",4,37,"Analisando"
"247",4,38,"Analista"
"248",4,39,"Analisando"
"249",4,40,"Analista"
"250",4,41,"Analisando"
"251",4,42,"Analista"
"252",4,43,"Analisando"
"253",4,44,"Analista"
"254",4,45,"Analisando"
"255",4,46,"Analista"
"256",4,47,"Analisando"
"257",4,48,"Analista"
"258",4,49,"Analisando"
"259",4,50,"Analista"
"260",4,51,"Analisando"
"261",4,52,"Analista"
"262",4,53,"Analisando"
"263",4,54,"Analista"
"264",4,55,"Analisando"
"265",4,56,"Analista"
"266",4,57,"Analisando"
"267",4,58,"Analista"
"268",4,59,"Analisando"
"269",4,60,"Analista"
"270",4,61,"Analisando"
"271",4,62,"Analista"
"272",4,63,"Analisando"
"273",4,64,"Analista"
"274",4,65,"Analisando"
"275",4,66,"Analista"
"276",4,67,"Analisando"
"277",4,68,"Analista"
"278",4,69,"Analisando"
"279",4,70,"Analista"
"280",4,71,"Analisando"
"281",4,72,"Analista"
"282",4,73,"Analisando"
"283",4,74,"Analista"
"284",5,1,"Analisando"
"285",5,2,"Analista"
"286",5,3,"Analisando"
"287",5,4,"Analista"
"288",5,5,"Analisando"
"289",5,6,"Analista"
"290",5,7,"Analisando"
"291",5,8,"Analista"
"292",5,9,"Analisando"
"293",5,10,"Analista"
"294",5,11,"Analisando"
"295",5,12,"Analista"
"296",5,13,"Analisando"
"297",5,14,"Analista"
"298",5,15,"Analisando"
"299",5,16,"Analista"
"300",5,17,"Analisando"
"301",5,18,"Analista"
"303",5,20,"Analista"
"304",5,21,"Analisando"
"305",5,22,"Analista"
"306",5,23,"Analisando"
"307",5,24,"Analista"
"308",5,25,"Analisando"
"309",5,26,"Analista"
"310",5,27,"Analisando"
"311",5,28,"Analista"
"312",5,29,"Analisando"
"313",5,30,"Analista"
"314",5,31,"Analisando"
"315",5,32,"Analista"
"316",5,33,"Analisando"
"317",5,34,"Analista"
"318",5,35,"Analisando"
"319",5,36,"Analista"
"320",5,37,"Analisando"
"321",5,38,"Analista"
"322",5,39,"Analisando"
"323",5,40,"Analista"
"324",5,41,"Analisando"
"325",5,42,"Analista"
"326",5,43,"Analisando"
"327",5,44,"Analista"
"328",5,45,"Analisando"
"329",5,46,"Analista"
"330",5,47,"Analisando"
"331",5,48,"Analista"
"332",5,49,"Analisando"
"333",5,50,"Analista"
"334",5,51,"Analisando"
"335",5,52,"Analista"
"336",5,53,"Analisando"
"337",5,54,"Analista"
"338",5,55,"Analisando"
"339",5,56,"Analista"
"340",5,57,"Analisando"
"341",5,58,"Analista"
"342",6,1,"Analisando"
"343",6,2,"Analista"
"344",6,3,"Analisando"
"345",6,4,"Analista"
"346",6,5,"Analisando"
"347",6,6,"Analista"
"348",6,7,"Analisando"
"349",6,8,"Analista"
"350",6,9,"Analisando"
"351",6,10,"Analista"
"352",6,11,"Analisando"
"353",6,12,"Analista"
"354",6,13,"Analisando"
"355",6,14,"Analista"
"356",6,15,"Analisando"
"357",6,16,"Analista"
"358",6,17,"Analisando"
"359",6,18,"Analista"
"360",6,19,"Analisando"
"361",6,20,"Analista"
"362",6,21,"Analisando"
"363",6,22,"Analista"
"364",6,23,"Analisando"
"365",6,24,"Analista"
"366",6,25,"Analisando"
"367",6,26,"Analista"
"368",6,27,"Analisando"
"369",6,28,"Analista"
"370",6,29,"Analisando"
"371",6,30,"Analista"
"372",6,31,"Analisando"
"373",6,32,"Analista"
"374",6,33,"Analisando"
"376",6,35,"Analisando"
"377",6,36,"Analista"
"378",6,37,"Analisando"
"379",6,38,"Analista"
"380",6,39,"Analisando"
"381",6,40,"Analista"
"382",6,41,"Analisando"
"383",6,42,"Analista"
"384",6,43,"Analisando"
"385",6,44,"Analista"
"386",6,45,"Analisando"
"387",6,46,"Analista"
"388",6,47,"Analisando"
"389",6,48,"Analista"
"390",6,49,"Analisando"
"391",6,50,"Analista"
"392",6,51,"Analisando"
"393",6,52,"Analista"
"394",6,53,"Analisando"
"395",6,54,"Analista"
"396",6,55,"Analisando"
"397",6,56,"Analista"
"398",6,57,"Analisando"
"399",6,58,"Analista"
"400",6,59,"Analisando"
"401",6,60,"Analista"
"402",6,61,"Analisando"
"403",6,62,"Analista"
"404",6,63,"Analisando"
"405",6,64,"Analista"
"406",6,65,"Analisando"
"407",6,66,"Analista"
"408",6,67,"Analisando"
"409",6,68,"Analista"
"410",6,69,"Analisando"
"411",6,70,"Analista"
"412",7,1,"Analisando"
"413",7,2,"Analista"
"414",7,3,"Analisando"
"415",7,4,"Analista"
"416",7,5,"Analisando"
"417",7,6,"Analista"
"418",7,7,"Analisando"
"419",7,8,"Analista"
"420",7,9,"Analisando"
"421",7,10,"Analista"
"422",7,11,"Analisando"
"423",7,12,"Analista"
"424",7,13,"Analisando"
"425",7,14,"Analista"
"426",7,15,"Analisando"
"427",7,16,"Analista"
"428",7,17,"Analisando"
"429",7,18,"Analista"
"430",7,19,"Analisando"
"431",7,20,"Analista"
"432",7,21,"Analisando"
"433",7,22,"Analista"
"434",7,23,"Analisando"
"435",7,24,"Analista"
"436",7,25,"Analisando"
"437",7,26,"Analista"
"438",7,27,"Analisando"
"439",7,28,"Analista"
"440",7,29,"Analisando"
"441",7,30,"Analista"
"442",7,31,"Analisando"
"443",7,32,"Analista"
"444",7,33,"Analisando"
"445",7,34,"Analista"
"446",7,35,"Analisando"
"447",7,36,"Analista"
"448",7,37,"Analisando"
"449",7,38,"Analista"
"450",7,39,"Analisando"
"451",7,40,"Analista"
"452",7,41,"Analisando"
"453",7,42,"Analista"
"454",7,43,"Analisando"
"455",7,44,"Analista"
"456",7,45,"Analisando"
"457",7,46,"Analista"
"458",7,47,"Analisando"
"459",7,48,"Analista"
"460",7,49,"Analisando"
"461",7,50,"Analista"
"462",7,51,"Analisando"
"463",7,52,"Analista"
"464",7,53,"Analisando"
"465",7,54,"Analista"
"466",7,55,"Analisando"
"467",7,56,"Analista"
"468",7,57,"Analisando"
"469",7,58,"Analista"
"470",7,59,"Analisando"
"471",7,60,"Analista"
"472",7,61,"Analisando"
"473",7,62,"Analista"
"474",7,63,"Analisando"
"475",7,64,"Analista"
"476",7,65,"Analisando"
"477",7,66,"Analista"
"478",7,67,"Analisando"
"479",7,68,"Analista"
"480",7,69,"Analisando"
"481",7,70,"Analista"
"482",7,71,"Analisando"
"483",7,72,"Analista"
"484",7,73,"Analisando"
"485",7,74,"Analista"
"486",7,75,"Analisando"
"487",7,76,"Analista"
"488",8,1,"Analisando"
"489",8,2,"Analista"
"490",8,3,"Analisando"
"491",8,4,"Analista"
"492",8,5,"Analisando"
"493",8,6,"Analista"
"494",8,7,"Analisando"
"495",8,8,"Analista"
"496",8,9,"Analisando"
"497",8,10,"Analista"
"498",8,11,"Analisando"
"499",8,12,"Analista"
"500",8,13,"Analisando"
"501",8,14,"Analista"
"502",8,15,"Analisando"
"503",8,16,"Analista"
"504",8,17,"Analisando"
"505",8,18,"Analista"
"506",8,19,"Analisando"
"507",8,20,"Analista"
"508",8,21,"Analisando"
"509",8,22,"Analista"
"510",8,23,"Analisando"
"511",8,24,"Analista"
"512",8,25,"Analisando"
"513",8,26,"Analista"
"514",8,27,"Analisando"
"515",8,28,"Analista"
"516",8,29,"Analisando"
"517",8,30,"Analista"
"518",8,31,"Analisando"
"519",8,32,"Analista"
"520",8,33,"Analisando"
"521",8,34,"Analista"
"522",8,35,"Analisando"
"523",8,36,"Analista"
"524",8,37,"Analisando"
"525",8,38,"Analista"
"526",8,39,"Analisando"
"527",8,40,"Analista"
"528",8,41,"Analisando"
"529",8,42,"Analista"
"530",8,43,"Analisando"
"531",8,44,"Analista"
"532",8,45,"Analisando"
"533",8,46,"Analista"
"534",8,47,"Analisando"
"535",8,48,"Analista"
"536",8,49,"Analisando"
"537",8,50,"Analista"
"538",8,51,"Analisando"
"539",8,52,"Analista"
"540",8,53,"Analisando"
"541",8,54,"Analista"
"542",8,55,"Analisando"
"543",8,56,"Analista"
"544",8,57,"Analisando"
"545",8,58,"Analista"
"546",8,59,"Analisando"
"547",8,60,"Analista"
"548",8,61,"Analisando"
"549",8,62,"Analista"
"550",8,63,"Analisando"
"551",8,64,"Analista"
"552",8,65,"Analisando"
"553",8,66,"Analista"
"554",8,67,"Analisando"
"555",8,68,"Analista"
"556",8,69,"Analisando"
"557",8,70,"Analista"
"558",8,71,"Analisando"
"559",8,72,"Analista"
"560",8,73,"Analisando"
"561",8,74,"Analista"
"562",8,75,"Analisando"
"563",8,76,"Analista"
"564",8,77,"Analisando"
"565",8,78,"Analista"
"566",8,79,"Analisando"
"567",8,80,"Analista"
"568",8,81,"Analisando"
"569",8,82,"Analista"
"570",8,83,"Analisando"
"571",8,84,"Analista"
"572",8,85,"Analisando"
"573",8,86,"Analista"
"574",8,87,"Analisando"
"575",8,88,"Analista"
"576",8,89,"Analisando"
"577",8,90,"Analista"
"578",8,91,"Analisando"
"579",8,92,"Analista"
"580",8,93,"Analisando"
"581",8,94,"Analista"
"582",9,1,"Analisando"
"583",9,2,"Analista"
"584",9,3,"Analisando"
"585",9,4,"Analista"
"586",9,5,"Analisando"
"587",9,6,"Analista"
"588",9,7,"Analisando"
"589",9,8,"Analista"
"590",9,9,"Analisando"
"591",9,10,"Analista"
"592",9,11,"Analisando"
"593",9,12,"Analista"
"594",9,13,"Analisando"
"595",9,14,"Analista"
"596",9,15,"Analisando"
"597",9,16,"Analista"
"598",9,17,"Analisando"
"599",9,18,"Analista"
"600",9,19,"Analisando"
"601",9,20,"Analista"
"602",9,21,"Analisando"
"603",9,22,"Analista"
"604",9,23,"Analisando"
"605",9,24,"Analista"
"606",9,25,"Analisando"
"607",9,26,"Analista"
"608",9,27,"Analisando"
"609",9,28,"Analista"
"610",9,29,"Analisando"
"611",9,30,"Analista"
"612",9,31,"Analisando"
"613",9,32,"Analista"
"614",9,33,"Analisando"
"615",9,34,"Analista"
"616",9,35,"Analisando"
"617",9,36,"Analista"
"618",9,37,"Analisando"
"619",9,38,"Analista"
"620",9,39,"Analisando"
"621",9,40,"Analista"
"622",9,41,"Analisando"
"623",9,42,"Analista"
"624",9,43,"Analisando"
"625",9,44,"Analista"
"626",9,45,"Analisando"
"627",9,46,"Analista"
"628",9,47,"Analisando"
"629",9,48,"Analista"
"630",9,49,"Analisando"
"631",9,50,"Analista"
"632",9,51,"Analisando"
"633",9,52,"Analista"
"634",9,53,"Analisando"
"635",9,54,"Analista"
"636",9,55,"Analisando"
"637",9,56,"Analista"
"638",9,57,"Analisando"
"639",9,58,"Analista"
"640",9,59,"Analisando"
"641",9,60,"Analista"
"642",10,1,"Analisando"
"643",10,2,"Analista"
"644",10,3,"Analisando"
"645",10,4,"Analista"
"646",10,5,"Analisando"
"647",10,6,"Analista"
"648",10,7,"Analisando"
"649",10,8,"Analista"
"650",10,9,"Analisando"
"651",10,10,"Analista"
"652",10,11,"Analisando"
"653",10,12,"Analista"
"654",10,13,"Analisando"
"655",10,14,"Analista"
"656",10,15,"Analisando"
"657",10,16,"Analista"
"658",10,17,"Analisando"
"659",10,18,"Analista"
"660",10,19,"Analisando"
"661",10,20,"Analista"
"662",10,21,"Analisando"
"663",10,22,"Analista"
"664",10,23,"Analisando"
"665",10,24,"Analista"
"666",10,25,"Analisando"
"667",10,26,"Analista"
"668",10,27,"Analisando"
"669",10,28,"Analista"
"670",10,29,"Analisando"
"671",10,30,"Analista"
"672",10,31,"Analisando"
"673",10,32,"Analista"
"674",10,33,"Analisando"
"675",10,34,"Analista"
"676",10,35,"Analisando"
"677",10,36,"Analista"
"678",10,37,"Analisando"
"679",10,38,"Analista"
"680",10,39,"Analisando"
"681",10,40,"Analista"
"682",10,41,"Analisando"
"683",10,42,"Analista"
"684",10,43,"Analisando"
"685",10,44,"Analista"
"686",10,45,"Analisando"
"687",10,46,"Analista"
"688",10,47,"Analisando"
"689",10,48,"Analista"
"690",10,49,"Analisando"
"691",10,50,"Analista"
"692",10,51,"Analisando"
"693",10,52,"Analista"
"694",10,53,"Analisando"
"695",10,54,"Analista"
"696",10,55,"Analisando"
"697",10,56,"Analista"
"698",10,57,"Analisando"
"699",10,58,"Analista"
"700",10,59,"Analisando"
"701",10,60,"Analista"
"702",10,61,"Analisando"
"703",10,62,"Analista"
"704",10,63,"Analisando"
"705",10,64,"Analista"
"706",10,65,"Analisando"
"707",10,66,"Analista"
"708",11,1,"Analisando"
"709",11,2,"Analista"
"710",11,3,"Analisando"
"711",11,4,"Analista"
"712",11,5,"Analisando"
"713",11,6,"Analista"
"714",11,7,"Analisando"
"715",11,8,"Analista"
"716",11,9,"Analisando"
"717",11,10,"Analista"
"718",11,11,"Analisando"
"719",11,12,"Analista"
"720",11,13,"Analisando"
"721",11,14,"Analista"
"722",11,15,"Analisando"
"723",11,16,"Analista"
"724",11,17,"Analisando"
"725",11,18,"Analista"
"726",11,19,"Analisando"
"727",11,20,"Analista"
"728",11,21,"Analisando"
"729",11,22,"Analista"
"730",11,23,"Analisando"
"731",11,24,"Analista"
"732",11,25,"Analisando"
"733",11,26,"Analista"
"734",11,27,"Analisando"
"735",11,28,"Analista"
"736",11,29,"Analisando"
"737",11,30,"Analista"
"738",11,31,"Analisando"
"739",11,32,"Analista"
"741",11,34,"Analista"
"742",11,35,"Analisando"
"743",11,36,"Analista"
"744",11,37,"Analisando"
"745",11,38,"Analista"
"746",11,39,"Analisando"
"747",11,40,"Analista"
"748",11,41,"Analisando"
"749",11,42,"Analista"
"750",11,43,"Analisando"
"751",11,44,"Analista"
"752",11,45,"Analisando"
"753",11,46,"Analista"
"754",11,47,"Analisando"
"755",11,48,"Analista"
"756",11,49,"Analisando"
"757",11,50,"Analista"
"758",11,51,"Analisando"
"759",11,52,"Analista"
"760",11,53,"Analisando"
"761",11,54,"Analista"
"762",11,55,"Analisando"
"763",11,56,"Analista"
"764",11,57,"Analisando"
"765",11,58,"Analista"
"766",11,59,"Analisando"
"767",11,60,"Analista"
"768",11,61,"Analisando"
"769",11,62,"Analista"
"770",11,63,"Analisando"
"771",11,64,"Analista"
"772",11,65,"Analisando"
"773",11,66,"Analista"
"774",11,67,"Analisando"
"775",11,68,"Analista"
"777",11,70,"Analista"
"778",12,1,"Analisando"
"779",12,2,"Analista"
"780",12,3,"Analisando"
"781",12,4,"Analista"
"782",12,5,"Analisando"
"783",12,6,"Analista"
"784",12,7,"Analisando"
"785",12,8,"Analista"
"786",12,9,"Analisando"
"787",12,10,"Analista"
"788",12,11,"Analisando"
"789",12,12,"Analista"
"790",12,13,"Analisando"
"791",12,14,"Analista"
"792",12,15,"Analisando"
"793",12,16,"Analista"
"794",12,17,"Analisando"
"795",12,18,"Analista"
"796",12,19,"Analisando"
"797",12,20,"Analista"
"798",12,21,"Analisando"
"799",12,22,"Analista"
"800",12,23,"Analisando"
"801",12,24,"Analista"
"802",12,25,"Analisando"
"803",12,26,"Analista"
"804",12,27,"Analisando"
"805",12,28,"Analista"
"806",12,29,"Analisando"
"807",12,30,"Analista"
"808",12,31,"Analisando"
"809",12,32,"Analista"
"810",12,33,"Analisando"
"811",12,34,"Analista"
"812",12,35,"Analisando"
"813",12,36,"Analista"
"814",12,37,"Analisando"
"815",12,38,"Analista"
"816",12,39,"Analisando"
"817",12,40,"Analista"
"818",12,41,"Analisando"
"819",12,42,"Analista"
"820",12,43,"Analisando"
"821",12,44,"Analista"
"822",12,45,"Analisando"
"823",12,46,"Analista"
"824",12,47,"Analisando"
"825",12,48,"Analista"
"826",12,49,"Analisando"
"827",12,50,"Analista"
"828",12,51,"Analisando"
"829",12,52,"Analista"
"830",12,53,"Analisando"
"831",12,54,"Analista"
"832",13,1,"Analisando"
"833",13,2,"Analista"
"834",13,3,"Analisando"
"835",13,4,"Analista"
"836",13,5,"Analisando"
"837",13,6,"Analista"
"838",13,7,"Analisando"
"839",13,8,"Analista"
"840",13,9,"Analisando"
"841",13,10,"Analista"
"842",13,11,"Analisando"
"843",13,12,"Analista"
"844",13,13,"Analisando"
"845",13,14,"Analista"
"846",13,15,"Analisando"
"847",13,16,"Analista"
"848",13,17,"Analisando"
"849",13,18,"Analista"
"850",13,19,"Analisando"
"851",13,20,"Analista"
"852",13,21,"Analisando"
"853",13,22,"Analista"
"854",13,23,"Analisando"
"855",13,24,"Analista"
"856",13,25,"Analisando"
"857",13,26,"Analista"
"858",13,27,"Analisando"
"859",13,28,"Analista"
"860",13,29,"Analisando"
"861",13,30,"Analista"
"862",13,31,"Analisando"
"863",13,32,"Analista"
"864",13,33,"Analisando"
"865",13,34,"Analista"
"866",13,35,"Analisando"
"867",13,36,"Analista"
"868",13,37,"Analisando"
"869",13,38,"Analista"
"870",13,39,"Analisando"
"871",13,40,"Analista"
"872",13,41,"Analisando"
"873",13,42,"Analista"
"874",13,43,"Analisando"
"875",13,44,"Analista"
"876",13,45,"Analisando"
"877",13,46,"Analista"
"878",13,47,"Analisando"
"879",13,48,"Analista"
"880",13,49,"Analisando"
"881",13,50,"Analista"
"882",13,51,"Analisando"
"883",13,52,"Analista"
"884",13,53,"Analisando"
"885",13,54,"Analista"
"886",13,55,"Analisando"
"887",13,56,"Analista"
"888",13,57,"Analisando"
"889",13,58,"Analista"
"890",13,59,"Analisando"
"891",13,60,"Analista"
"892",14,1,"Analisando"
"893",14,2,"Analista"
"894",14,3,"Analisando"
"895",14,4,"Analista"
"896",14,5,"Analisando"
"897",14,6,"Analista"
"898",14,7,"Analisando"
"899",14,8,"Analista"
"900",14,9,"Analisando"
"901",14,10,"Analista"
"902",14,11,"Analisando"
"903",14,12,"Analista"
"904",14,13,"Analisando"
"905",14,14,"Analista"
"906",14,15,"Analisando"
"907",14,16,"Analista"
"908",14,17,"Analisando"
"909",14,18,"Analista"
"910",14,19,"Analisando"
"911",14,20,"Analista"
"912",14,21,"Analisando"
"913",14,22,"Analista"
"914",14,23,"Analisando"
"915",14,24,"Analista"
"916",14,25,"Analisando"
"917",14,26,"Analista"
"918",14,27,"Analisando"
"919",14,28,"Analista"
"920",14,29,"Analisando"
"921",14,30,"Analista"
"922",14,31,"Analisando"
"923",14,32,"Analista"
"924",14,33,"Analisando"
"925",14,34,"Analista"
"926",14,35,"Analisando"
"927",14,36,"Analista"
"928",14,37,"Analisando"
"929",14,38,"Analista"
"930",14,39,"Analisando"
"931",14,40,"Analista"
"932",14,41,"Analisando"
"933",14,42,"Analista"
"934",14,43,"Analisando"
"935",14,44,"Analista"
"936",14,45,"Analisando"
"937",14,46,"Analista"
"938",14,47,"Analisando"
"939",14,48,"Analista"
"940",14,49,"Analisando"
"941",14,50,"Analista"
"942",14,51,"Analisando"
"943",14,52,"Analista"
"944",14,53,"Analisando"
"945",14,54,"Analista"
"946",14,55,"Analisando"
"947",14,56,"Analista"
"948",14,57,"Analisando"
"949",14,58,"Analista"
"950",14,59,"Analisando"
"951",14,60,"Analista"
"952",14,61,"Analisando"
"953",14,62,"Analista"
"954",14,63,"Analisando"
"955",14,64,"Analista"
"956",14,65,"Analisando"
"957",14,66,"Analista"
"958",14,67,"Analisando"
"959",14,68,"Analista"
"960",14,69,"Analisando"
"961",14,70,"Analista"
"962",14,71,"Analisando"
"963",14,72,"Analista"
"964",14,73,"Analisando"
"965",14,74,"Analista"
"966",14,75,"Analisando"
"967",14,76,"Analista"
"968",14,77,"Analisando"
"969",15,1,"Analisando"
"970",15,2,"Analista"
"971",15,3,"Analisando"
"972",15,4,"Analista"
"973",15,5,"Analisando"
"974",15,6,"Analista"
"975",15,7,"Analisando"
"976",15,8,"Analista"
"977",15,9,"Analisando"
"978",15,10,"Analista"
"979",15,11,"Analisando"
"980",15,12,"Analista"
"981",15,13,"Analisando"
"982",15,14,"Analista"
"983",15,15,"Analisando"
"984",15,16,"Analista"
"985",15,17,"Analisando"
"986",15,18,"Analista"
"987",15,19,"Analisando"
"988",15,20,"Analista"
"989",15,21,"Analisando"
"990",15,22,"Analista"
"991",15,23,"Analisando"
"992",15,24,"Analista"
"993",15,25,"Analisando"
"994",15,26,"Analista"
"995",15,27,"Analisando"
"996",15,28,"Analista"
"997",15,29,"Analisando"
"998",15,30,"Analista"
"999",15,31,"Analisando"
"1000",15,32,"Analista"
"1001",15,33,"Analisando"
"1002",15,34,"Analista"
"1003",15,35,"Analisando"
"1004",15,36,"Analista"
"1005",15,37,"Analisando"
"1006",15,38,"Analista"
"1007",15,39,"Analisando"
"1008",15,40,"Analista"
"1009",15,41,"Analisando"
"1010",15,42,"Analista"
"1011",15,43,"Analisando"
"1012",15,44,"Analista"
"1013",15,45,"Analisando"
"1014",15,46,"Analista"
"1015",15,47,"Analisando"
"1016",15,48,"Analista"
"1017",15,49,"Analisando"
"1018",15,50,"Analista"
"1019",15,51,"Analisando"
"1020",15,52,"Analista"
"1021",15,53,"Analisando"
"1022",15,54,"Analista"
"1023",16,1,"Analisando"
"1024",16,2,"Analista"
"1025",16,3,"Analisando"
"1026",16,4,"Analista"
"1027",16,5,"Analisando"
"1028",16,6,"Analista"
"1029",16,7,"Analisando"
"1030",16,8,"Analista"
"1031",16,9,"Analisando"
"1032",16,10,"Analista"
"1033",16,11,"Analisando"
"1034",16,12,"Analista"
"1035",16,13,"Analisando"
"1036",16,14,"Analista"
"1037",16,15,"Analisando"
"1038",16,16,"Analista"
"1039",16,17,"Analisando"
"1040",16,18,"Analista"
"1041",16,19,"Analisando"
"1042",16,20,"Analista"
"1043",16,21,"Analisando"
"1044",16,22,"Analista"
"1045",16,23,"Analisando"
"1046",16,24,"Analista"
"1047",16,25,"Analisando"
"1048",16,26,"Analista"
"1049",16,27,"Analisando"
"1050",16,28,"Analista"
"1051",16,29,"Analisando"
"1052",16,30,"Analista"
"1053",16,31,"Analisando"
"1054",16,32,"Analista"
"1055",16,33,"Analisando"
"1056",16,34,"Analista"
"1057",16,35,"Analisando"
"1058",16,36,"Analista"
"1059",16,37,"Analisando"
"1060",16,38,"Analista"
"1061",16,39,"Analisando"
"1062",16,40,"Analista"
"1063",16,41,"Analisando"
"1064",16,42,"Analista"
"1065",16,43,"Analisando"
"1066",16,44,"Analista"
"1067",16,45,"Analisando"
"1068",16,46,"Analista"
"1069",16,47,"Analisando"
"1070",16,48,"Analista"
"1071",16,49,"Analisando"
"1072",16,50,"Analista"
"1074",16,52,"Analista"
"1075",16,53,"Analisando"
"1076",16,54,"Analista"
"1077",16,55,"Analisando"
"1078",16,56,"Analista"
"1079",16,57,"Analisando"
"1080",16,58,"Analista"
"1081",16,59,"Analisando"
"1082",16,60,"Analista"
"1083",16,61,"Analisando"
"1084",16,62,"Analista"
"1085",16,63,"Analisando"
"1086",16,64,"Analista"
"1087",16,65,"Analisando"
"1088",16,66,"Analista"
"1089",16,67,"Analisando"
"1090",16,68,"Analista"
"1091",16,69,"Analisando"
"1092",16,70,"Analista"
"1093",16,71,"Analisando"
"1094",16,72,"Analista"
"1095",16,73,"Analisando"
"1096",16,74,"Analista"
"1097",16,75,"Analisando"
"1098",16,76,"Analista"
"1099",16,77,"Analisando"
"1100",16,78,"Analista"
"1101",16,79,"Analisando"
"1102",16,80,"Analista"
"1103",16,81,"Analisando"
"1104",16,82,"Analista"
"1105",16,83,"Analisando"
"1106",16,84,"Analista"
"1107",16,85,"Analisando"
"1108",16,86,"Analista"
"1109",16,87,"Analisando"
"1110",16,88,"Analista"
"1111",17,1,"Analisando"
"1113",17,3,"Analisando"
"1114",17,4,"Analista"
"1115",17,5,"Analisando"
"1116",17,6,"Analista"
"1117",17,7,"Analisando"
"1118",17,8,"Analista"
"1119",17,9,"Analisando"
"1120",17,10,"Analista"
"1121",17,11,"Analisando"
"1122",17,12,"Analista"
"1123",17,13,"Analisando"
"1124",17,14,"Analista"
"1125",17,15,"Analisando"
"1126",17,16,"Analista"
"1127",17,17,"Analisando"
"1129",17,19,"Analisando"
"1130",17,20,"Analista"
"1131",17,21,"Analisando"
"1132",17,22,"Analista"
"1133",17,23,"Analisando"
"1134",17,24,"Analista"
"1135",17,25,"Analisando"
"1136",17,26,"Analista"
"1137",17,27,"Analisando"
"1138",17,28,"Analista"
"1139",17,29,"Analisando"
"1140",17,30,"Analista"
"1141",17,31,"Analisando"
"1142",17,32,"Analista"
"1143",17,33,"Analisando"
"1144",17,34,"Analista"
"1145",17,35,"Analisando"
"1146",17,36,"Analista"
"1147",17,37,"Analisando"
"1148",17,38,"Analista"
"1149",17,39,"Analisando"
"1150",17,40,"Analista"
"1151",17,41,"Analisando"
"1152",17,42,"Analista"
"1154",17,44,"Analista"
"1155",17,45,"Analisando"
"1156",17,46,"Analista"
"1157",17,47,"Analisando"
"1158",17,48,"Analista"
"1159",17,49,"Analisando"
"1160",17,50,"Analista"
"1161",17,51,"Analisando"
"1162",17,52,"Analista"
"1163",17,53,"Analisando"
"1164",17,54,"Analista"
"1165",17,55,"Analisando"
"1166",17,56,"Analista"
"1167",17,57,"Analisando"
"1168",17,58,"Analista"
"1169",17,59,"Analisando"
"1170",17,60,"Analista"
"1171",17,61,"Analisando"
"1172",17,62,"Analista"
"1173",17,63,"Analisando"
"1174",17,64,"Analista"
"1175",17,65,"Analisando"
"1176",17,66,"Analista"
"1177",17,67,"Analisando"
"1178",17,68,"Analista"
"1179",17,69,"Analisando"
"1180",17,70,"Analista"
"1181",17,71,"Analisando"
"1182",17,72,"Analista"
"1183",17,73,"Analisando"
"1184",17,74,"Analista"
"1185",17,75,"Analisando"
"1186",17,76,"Analista"
"1187",17,77,"Analisando"
"1188",17,78,"Analista"
"1189",17,79,"Analisando"
"1190",17,80,"Analista"
"1191",17,81,"Analisando"
"1192",17,82,"Analista"
"1193",17,83,"Analisando"
"1194",17,84,"Analista"
"1195",17,85,"Analisando"
"1196",17,86,"Analista"
"1197",17,87,"Analisando"
"1198",17,88,"Analista"
"1199",17,89,"Analisando"
"1200",17,90,"Analista"
"1201",17,91,"Analisando"
"1202",17,92,"Analista"
"1203",17,93,"Analisando"
"1204",17,94,"Analista"
"1205",17,95,"Analisando"
"1206",17,96,"Analista"
"1207",17,97,"Analisando"
"1208",17,98,"Analista"
"1209",17,99,"Analisando"
"1210",17,100,"Analista"
"1212",17,102,"Analista"
"1214",17,104,"Analista"
"1215",17,105,"Analisando"
"1216",17,106,"Analista"
"1217",17,107,"Analisando"
"1218",17,108,"Analista"
"1219",17,109,"Analisando"
"1220",17,110,"Analista"
"1221",17,111,"Analisando"
"1222",17,112,"Analista"
"1223",17,113,"Analisando"
"1224",17,114,"Analista"
"1225",17,115,"Analisando"
"1226",17,116,"Analista"
"1227",18,1,"Analisando"
"1228",18,2,"Analista"
"1229",18,3,"Analisando"
"1230",18,4,"Analista"
"1231",18,5,"Analisando"
"1232",18,6,"Analista"
"1233",18,7,"Analisando"
"1234",18,8,"Analista"
"1235",18,9,"Analisando"
"1236",18,10,"Analista"
"1237",18,11,"Analisando"
"1238",18,12,"Analista"
"1239",18,13,"Analisando"
"1240",18,14,"Analista"
"1241",18,15,"Analisando"
"1242",18,16,"Analista"
"1243",18,17,"Analisando"
"1244",18,18,"Analista"
"1245",18,19,"Analisando"
"1246",18,20,"Analista"
"1247",18,21,"Analisando"
"1248",18,22,"Analista"
"1249",18,23,"Analisando"
"1250",18,24,"Analista"
"1251",18,25,"Analisando"
"1252",18,26,"Analista"
"1253",18,27,"Analisando"
"1254",18,28,"Analista"
"1255",18,29,"Analisando"
"1256",18,30,"Analista"
"1257",18,31,"Analisando"
"1258",18,32,"Analista"
"1259",18,33,"Analisando"
"1260",18,34,"Analista"
"1261",18,35,"Analisando"
"1262",18,36,"Analista"
"1263",18,37,"Analisando"
"1264",18,38,"Analista"
"1265",18,39,"Analisando"
"1266",18,40,"Analista"
"1267",18,41,"Analisando"
"1268",18,42,"Analista"
"1270",18,44,"Analista"
"1271",18,45,"Analisando"
"1272",18,46,"Analista"
"1273",18,47,"Analisando"
"1274",18,48,"Analista"
"1275",18,49,"Analisando"
"1276",18,50,"Analista"
"1277",18,51,"Analisando"
"1278",18,52,"Analista"
"1279",18,53,"Analisando"
"1280",18,54,"Analista"
"1281",18,55,"Analisando"
"1282",18,56,"Analista"
"1283",18,57,"Analisando"
"1284",18,58,"Analista"
"1286",18,60,"Analista"
"1287",18,61,"Analisando"
"1288",18,62,"Analista"
"1289",18,63,"Analisando"
"1290",18,64,"Analista"
"1292",18,66,"Analista"
"1293",18,67,"Analisando"
"1294",18,68,"Analista"
"1295",18,69,"Analisando"
"1296",18,70,"Analista"
"1297",18,71,"Analisando"
"1298",18,72,"Analista"
"1299",18,73,"Analisando"
"1300",18,74,"Analista"
"1301",18,75,"Analisando"
"1302",18,76,"Analista"
"1303",18,77,"Analisando"
"1304",18,78,"Analista"
"1305",18,79,"Analisando"
"1306",18,80,"Analista"
"1307",19,1,"Analisando"
"1308",19,2,"Analista"
"1309",19,3,"Analisando"
"1310",19,4,"Analista"
"1311",19,5,"Analisando"
"1312",19,6,"Analista"
"1313",19,7,"Analisando"
"1314",19,8,"Analista"
"1315",19,9,"Analisando"
"1316",19,10,"Analista"
"1317",19,11,"Analisando"
"1318",19,12,"Analista"
"1319",19,13,"Analisando"
"1320",19,14,"Analista"
"1321",19,15,"Analisando"
"1322",19,16,"Analista"
"1323",19,17,"Analisando"
"1324",19,18,"Analista"
"1325",19,19,"Analisando"
"1326",19,20,"Analista"
"1327",19,21,"Analisando"
"1328",19,22,"Analista"
"1329",19,23,"Analisando"
"1330",19,24,"Analista"
"1331",19,25,"Analisando"
"1332",19,26,"Analista"
"1333",19,27,"Analisando"
"1334",19,28,"Analista"
"1335",19,29,"Analisando"
"1336",19,30,"Analista"
"1337",19,31,"Analisando"
"1338",19,32,"Analista"
"1340",19,34,"Analista"
"1341",19,35,"Analisando"
"1342",19,36,"Analista"
"1343",19,37,"Analisando"
"1344",19,38,"Analista"
"1345",19,39,"Analisando"
"1346",19,40,"Analista"
"1347",19,41,"Analisando"
"1348",19,42,"Analista"
"1349",19,43,"Analisando"
"1350",19,44,"Analista"
"1351",19,45,"Analisando"
"1352",19,46,"Analista"
"1353",19,47,"Analisando"
"1354",19,48,"Analista"
"1355",19,49,"Analisando"
"1356",19,50,"Analista"
"1357",19,51,"Analisando"
"1358",19,52,"Analista"
"1359",19,53,"Analisando"
"1360",19,54,"Analista"
"1361",19,55,"Analisando"
"1362",19,56,"Analista"
"1363",19,57,"Analisando"
"1364",19,58,"Analista"
"1365",19,59,"Analisando"
"1366",19,60,"Analista"
"1367",19,61,"Analisando"
"1368",19,62,"Analista"
"1369",19,63,"Analisando"
"1370",19,64,"Analista"
"1371",19,65,"Analisando"
"1372",19,66,"Analista"
"1373",19,67,"Analisando"
"1374",19,68,"Analista"
"1375",19,69,"Analisando"
"1376",19,70,"Analista"
"1377",19,71,"Analisando"
"1378",19,72,"Analista"
"1379",19,73,"Analisando"
"1380",19,74,"Analista"
"1381",19,75,"Analisando"
"1382",19,76,"Analista"
"1383",19,77,"Analisando"
"1384",19,78,"Analista"
"1385",19,79,"Analisando"
"1386",19,80,"Analista"
"1387",19,81,"Analisando"
"1388",19,82,"Analista"
"1389",19,83,"Analisando"
"1390",19,84,"Analista"
"1391",19,85,"Analisando"
"1392",19,86,"Analista"
"1393",19,87,"Analisando"
"1394",19,88,"Analista"
"1395",19,89,"Analisando"
"1396",19,90,"Analista"
"1397",19,91,"Analisando"
"1398",19,92,"Analista"
"1399",19,93,"Analisando"
"1400",19,94,"Analista"
"1401",19,95,"Analisando"
"1402",19,96,"Analista"
"1403",19,97,"Analisando"
"1404",19,98,"Analista"
"1406",19,100,"Analista"
"1407",19,101,"Analisando"
"1408",19,102,"Analista"
"1409",19,103,"Analisando"
"1410",19,104,"Analista"
"1411",19,105,"Analisando"
"1412",19,106,"Analista"
"1413",20,1,"Analisando"
"1414",20,2,"Analista"
"1415",20,3,"Analisando"
"1416",20,4,"Analista"
"1417",20,5,"Analisando"
"1418",20,6,"Analista"
"1419",20,7,"Analisando"
"1420",20,8,"Analista"
"1421",20,9,"Analisando"
"1422",20,10,"Analista"
"1423",20,11,"Analisando"
"1424",20,12,"Analista"
"1425",20,13,"Analisando"
"1426",20,14,"Analista"
"1427",20,15,"Analisando"
"1428",20,16,"Analista"
"1429",20,17,"Analisando"
"1430",20,18,"Analista"
"1431",20,19,"Analisando"
"1432",20,20,"Analista"
"1433",20,21,"Analisando"
"1434",20,22,"Analista"
"1435",20,23,"Analisando"
"1436",20,24,"Analista"
"1437",20,25,"Analisando"
"1438",20,26,"Analista"
"1439",20,27,"Analisando"
"1440",20,28,"Analista"
"1441",20,29,"Analisando"
"1442",20,30,"Analista"
"1443",20,31,"Analisando"
"1444",20,32,"Analista"
"1445",20,33,"Analisando"
"1446",20,34,"Analista"
"1447",20,35,"Analisando"
"1448",20,36,"Analista"
"1449",20,37,"Analisando"
"1450",20,38,"Analista"
"1451",20,39,"Analisando"
"1452",20,40,"Analista"
"1453",20,41,"Analisando"
"1454",20,42,"Analista"
"1455",20,43,"Analisando"
"1456",20,44,"Analista"
"1457",20,45,"Analisando"
"1458",20,46,"Analista"
"1459",20,47,"Analisando"
"1460",20,48,"Analista"
"1461",20,49,"Analisando"
"1462",20,50,"Analista"
"1463",20,51,"Analisando"
"1464",20,52,"Analista"
"1465",20,53,"Analisando"
"1466",20,54,"Analista"
"1467",20,55,"Analisando"
"1468",20,56,"Analista"
"1469",20,57,"Analisando"
"1470",20,58,"Analista"
"1471",20,59,"Analisando"
"1472",20,60,"Analista"
"1473",20,61,"Analisando"
"1474",20,62,"Analista"
"1475",20,63,"Analisando"
"1476",20,64,"Analista"
"1477",20,65,"Analisando"
"1478",20,66,"Analista"
"1479",20,67,"Analisando"
"1480",20,68,"Analista"
"1481",20,69,"Analisando"
"1482",20,70,"Analista"
"1483",20,71,"Analisando"
"1484",20,72,"Analista"
"1485",20,73,"Analisando"
"1486",20,74,"Analista"
"1487",20,75,"Analisando"
"1488",20,76,"Analista"
"1489",20,77,"Analisando"
"1490",20,78,"Analista"
"1491",20,79,"Analisando"
"1492",20,80,"Analista"
"1493",20,81,"Analisando"
"1494",20,82,"Analista"
"1495",20,83,"Analisando"
"1496",20,84,"Analista"
"1497",20,85,"Analisando"
"1498",20,86,"Analista"
"1499",20,87,"Analisando"
"1500",20,88,"Analista"
"1501",21,1,"Analisando"
"1502",21,2,"Analista"
"1503",21,3,"Analisando"
"1504",21,4,"Analista"
"1505",21,5,"Analisando"
"1506",21,6,"Analista"
"1507",21,7,"Analisando"
"1508",21,8,"Analista"
"1509",21,9,"Analisando"
"1510",21,10,"Analista"
"1511",21,11,"Analisando"
"1512",21,12,"Analista"
"1513",21,13,"Analisando"
"1514",21,14,"Analista"
"1515",21,15,"Analisando"
"1516",21,16,"Analista"
"1517",21,17,"Analisando"
"1518",21,18,"Analista"
"1519",21,19,"Analisando"
"1520",21,20,"Analista"
"1522",21,22,"Analista"
"1523",21,23,"Analisando"
"1524",21,24,"Analista"
"1525",21,25,"Analisando"
"1526",21,26,"Analista"
"1527",21,27,"Analisando"
"1528",21,28,"Analista"
"1529",21,29,"Analisando"
"1530",21,30,"Analista"
"1531",21,31,"Analisando"
"1532",21,32,"Analista"
"1533",21,33,"Analisando"
"1534",21,34,"Analista"
"1535",21,35,"Analisando"
"1536",21,36,"Analista"
"1537",21,37,"Analisando"
"1538",21,38,"Analista"
"1539",21,39,"Analisando"
"1540",21,40,"Analista"
"1541",21,41,"Analisando"
"1542",21,42,"Analista"
"1543",21,43,"Analisando"
"1544",21,44,"Analista"
"1545",21,45,"Analisando"
"1546",21,46,"Analista"
"1547",21,47,"Analisando"
"1548",21,48,"Analista"
"1549",21,49,"Analisando"
"1550",21,50,"Analista"
"1551",21,51,"Analisando"
"1552",21,52,"Analista"
"1553",21,53,"Analisando"
"1554",21,54,"Analista"
"1555",21,55,"Analisando"
"1556",21,56,"Analista"
"1557",21,57,"Analisando"
"1558",21,58,"Analista"
"1559",21,59,"Analisando"
"1560",21,60,"Analista"
"1561",21,61,"Analisando"
"1562",21,62,"Analista"
"1563",21,63,"Analisando"
"1564",21,64,"Analista"
"1565",21,65,"Analisando"
"1566",21,66,"Analista"
"1567",21,67,"Analisando"
"1568",21,68,"Analista"
"1569",21,69,"Analisando"
"1570",21,70,"Analista"
"1571",21,71,"Analisando"
"1572",21,72,"Analista"
"1573",21,73,"Analisando"
"1574",21,74,"Analista"
"1575",21,75,"Analisando"
"1576",21,76,"Analista"
"1577",21,77,"Analisando"
"1578",21,78,"Analista"
"1580",21,80,"Analista"
"1581",21,81,"Analisando"
"1582",21,82,"Analista"
"1583",21,83,"Analisando"
"1584",21,84,"Analista"
"1585",21,85,"Analisando"
"1586",21,86,"Analista"
"1587",21,87,"Analisando"
"1588",21,88,"Analista"
"1589",21,89,"Analisando"
"1590",21,90,"Analista"
"1591",21,91,"Analisando"
"1592",21,92,"Analista"
"1593",21,93,"Analisando"
"1594",21,94,"Analista"
"1595",21,95,"Analisando"
"1596",21,96,"Analista"
"1597",21,97,"Analisando"
"1598",21,98,"Analista"
"1599",21,99,"Analisando"
"1600",21,100,"Analista"
"1601",21,101,"Analisando"
"1602",21,102,"Analista"
"1603",21,103,"Analisando"
"1604",21,104,"Analista"
"1605",21,105,"Analisando"
"1606",21,106,"Analista"
"1607",21,107,"Analisando"
"1608",21,108,"Analista"
"1609",21,109,"Analisando"
"1610",21,110,"Analista"
"1611",21,111,"Analisando"
"1612",21,112,"Analista"
"1613",21,113,"Analisando"
"1614",21,114,"Analista"
"1615",21,115,"Analisando"
"1616",21,116,"Analista"
"1617",22,1,"Analisando"
"1618",22,2,"Analista"
"1619",22,3,"Analisando"
"1620",22,4,"Analista"
"1621",22,5,"Analisando"
"1622",22,6,"Analista"
"1623",22,7,"Analisando"
"1624",22,8,"Analista"
"1625",22,9,"Analisando"
"1626",22,10,"Analista"
"1627",22,11,"Analisando"
"1628",22,12,"Analista"
"1629",22,13,"Analisando"
"1630",22,14,"Analista"
"1631",22,15,"Analisando"
"1632",22,16,"Analista"
"1633",22,17,"Analisando"
"1634",22,18,"Analista"
"1635",22,19,"Analisando"
"1636",22,20,"Analista"
"1637",22,21,"Analisando"
"1638",22,22,"Analista"
"1639",22,23,"Analisando"
"1640",22,24,"Analista"
"1641",22,25,"Analisando"
"1642",22,26,"Analista"
"1643",22,27,"Analisando"
"1644",22,28,"Analista"
"1645",22,29,"Analisando"
"1646",22,30,"Analista"
"1647",22,31,"Analisando"
"1648",22,32,"Analista"
"1649",22,33,"Analisando"
"1650",22,34,"Analista"
"1651",22,35,"Analisando"
"1652",22,36,"Analista"
"1653",22,37,"Analisando"
"1654",22,38,"Analista"
"1655",22,39,"Analisando"
"1656",22,40,"Analista"
"1657",22,41,"Analisando"
"1658",22,42,"Analista"
"1659",22,43,"Analisando"
"1660",22,44,"Analista"
"1661",23,1,"Analisando"
"1662",23,2,"Analista"
"1663",23,3,"Analisando"
"1664",23,4,"Analista"
"1665",23,5,"Analisando"
"1666",23,6,"Analista"
"1667",23,7,"Analisando"
"1668",23,8,"Analista"
"1669",23,9,"Analisando"
"1670",23,10,"Analista"
"1671",23,11,"Analisando"
"1672",23,12,"Analista"
"1673",23,13,"Analisando"
"1674",23,14,"Analista"
"1675",23,15,"Analisando"
"1676",23,16,"Analista"
"1677",23,17,"Analisando"
"1678",23,18,"Analista"
"1679",23,19,"Analisando"
"1680",23,20,"Analista"
"1681",23,21,"Analisando"
"1682",23,22,"Analista"
"1683",23,23,"Analisando"
"1684",23,24,"Analista"
"1685",23,25,"Analisando"
"1686",23,26,"Analista"
"1687",23,27,"Analisando"
"1688",23,28,"Analista"
"1689",23,29,"Analisando"
"1690",23,30,"Analista"
"1691",23,31,"Analisando"
"1692",23,32,"Analista"
"1693",23,33,"Analisando"
"1694",23,34,"Analista"
"1695",23,35,"Analisando"
"1696",23,36,"Analista"
"1697",23,37,"Analisando"
"1698",23,38,"Analista"
"1699",23,39,"Analisando"
"1700",23,40,"Analista"
"1701",23,41,"Analisando"
"1702",23,42,"Analista"
"1703",23,43,"Analisando"
"1704",23,44,"Analista"
"1705",23,45,"Analisando"
"1706",23,46,"Analista"
"1707",23,47,"Analisando"
"1708",23,48,"Analista"
"1709",23,49,"Analisando"
"1710",23,50,"Analista"
"1711",23,51,"Analisando"
"1712",23,52,"Analista"
"1713",23,53,"Analisando"
"1714",23,54,"Analista"
"1715",23,55,"Analisando"
"1716",23,56,"Analista"
"1717",23,57,"Analisando"
"1718",23,58,"Analista"
"1719",23,59,"Analisando"
"1720",23,60,"Analista"
"1721",23,61,"Analisando"
"1722",23,62,"Analista"
"1723",23,63,"Analisando"
"1724",23,64,"Analista"
"1725",23,65,"Analisando"
"1726",23,66,"Analista"
"1727",23,67,"Analisando"
"1728",23,68,"Analista"
"1729",23,69,"Analisando"
"1730",23,70,"Analista"
"1731",23,71,"Analisando"
"1732",23,72,"Analista"
"1733",24,1,"Analisando"
"1734",24,2,"Analista"
"1735",24,3,"Analisando"
"1736",24,4,"Analista"
"1737",24,5,"Analisando"
"1738",24,6,"Analista"
"1739",24,7,"Analisando"
"1740",24,8,"Analista"
"1741",24,9,"Analisando"
"1742",24,10,"Analista"
"1743",24,11,"Analisando"
"1744",24,12,"Analista"
"1745",24,13,"Analisando"
"1746",24,14,"Analista"
"1747",24,15,"Analisando"
"1748",24,16,"Analista"
"1749",24,17,"Analisando"
"1750",24,18,"Analista"
"1751",24,19,"Analisando"
"1752",24,20,"Analista"
"1753",24,21,"Analisando"
"1754",24,22,"Analista"
"1755",24,23,"Analisando"
"1756",24,24,"Analista"
"1757",24,25,"Analisando"
"1758",24,26,"Analista"
"1759",24,27,"Analisando"
"1760",24,28,"Analista"
"1761",24,29,"Analisando"
"1762",24,30,"Analista"
"1763",24,31,"Analisando"
"1764",24,32,"Analista"
"1765",24,33,"Analisando"
"1766",24,34,"Analista"
"1767",24,35,"Analisando"
"1768",24,36,"Analista"
"1769",24,37,"Analisando"
"1770",24,38,"Analista"
"1771",24,39,"Analisando"
"1772",24,40,"Analista"
"1773",24,41,"Analisando"
"1774",24,42,"Analista"
"1775",24,43,"Analisando"
"1776",24,44,"Analista"
"1777",24,45,"Analisando"
"1778",24,46,"Analista"
"1779",24,47,"Analisando"
"1780",24,48,"Analista"
"1781",24,49,"Analisando"
"1782",24,50,"Analista"
"1783",24,51,"Analisando"
"1784",24,52,"Analista"
"1785",24,53,"Analisando"
"1786",24,54,"Analista"
"1787",24,55,"Analisando"
"1788",24,56,"Analista"
"1789",24,57,"Analisando"
"1790",24,58,"Analista"
"1791",24,59,"Analisando"
"1792",24,60,"Analista"
"1793",24,61,"Analisando"
"1794",24,62,"Analista"
"1795",24,63,"Analisando"
"1796",24,64,"Analista"
"1797",24,65,"Analisando"
"1798",24,66,"Analista"
"1799",24,67,"Analisando"
"1800",24,68,"Analista"
"1801",24,69,"Analisando"
"1802",24,70,"Analista"
"1803",24,71,"Analisando"
"1804",24,72,"Analista"
"1805",24,73,"Analisando"
"1806",24,74,"Analista"
"1807",24,75,"Analisando"
"1808",24,76,"Analista"
"1809",24,77,"Analisando"
"1810",24,78,"Analista"
"1811",24,79,"Analisando"
"1812",24,80,"Analista"
"1813",24,81,"Analisando"
"1814",24,82,"Analista"
"1815",24,83,"Analisando"
"1816",24,84,"Analista"
"1817",24,85,"Analisando"
"1818",24,86,"Analista"
"1819",24,87,"Analisando"
"1820",24,88,"Analista"
"1821",25,1,"Analisando"
"1822",25,2,"Analista"
"1823",25,3,"Analisando"
"1824",25,4,"Analista"
"1825",25,5,"Analisando"
"1826",25,6,"Analista"
"1827",25,7,"Analisando"
"1828",25,8,"Analista"
"1829",25,9,"Analisando"
"1830",25,10,"Analista"
"1831",25,11,"Analisando"
"1832",25,12,"Analista"
"1833",25,13,"Analisando"
"1834",25,14,"Analista"
"1835",25,15,"Analisando"
"1836",25,16,"Analista"
"1837",25,17,"Analisando"
"1838",25,18,"Analista"
"1839",25,19,"Analisando"
"1840",25,20,"Analista"
"1841",25,21,"Analisando"
"1842",25,22,"Analista"
"1843",25,23,"Analisando"
"1844",25,24,"Analista"
"1845",25,25,"Analisando"
"1846",25,26,"Analista"
"1847",25,27,"Analisando"
"1848",25,28,"Analista"
"1849",25,29,"Analisando"
"1850",25,30,"Analista"
"1851",25,31,"Analisando"
"1852",25,32,"Analista"
"1853",25,33,"Analisando"
"1854",25,34,"Analista"
"1855",25,35,"Analisando"
"1856",25,36,"Analista"
"1857",25,37,"Analisando"
"1858",25,38,"Analista"
"1859",25,39,"Analisando"
"1860",25,40,"Analista"
"1861",25,41,"Analisando"
"1862",25,42,"Analista"
"1863",25,43,"Analisando"
"1864",25,44,"Analista"
"1865",25,45,"Analisando"
"1866",25,46,"Analista"
"1867",25,47,"Analisando"
"1868",25,48,"Analista"
"1869",25,49,"Analisando"
"1870",25,50,"Analista"
"1871",25,51,"Analisando"
"1872",25,52,"Analista"
"1873",25,53,"Analisando"
"1874",25,54,"Analista"
"1875",25,55,"Analisando"
"1876",25,56,"Analista"
"1877",25,57,"Analisando"
"1878",25,58,"Analista"
"1879",25,59,"Analisando"
"1880",25,60,"Analista"
"1881",25,61,"Analisando"
"1882",25,62,"Analista"
"1883",25,63,"Analisando"
"1884",25,64,"Analista"
"1885",25,65,"Analisando"
"1886",25,66,"Analista"
"1887",25,67,"Analisando"
"1888",25,68,"Analista"
"1889",25,69,"Analisando"
"1890",25,70,"Analista"
"1891",25,71,"Analisando"
"1892",25,72,"Analista"
"1893",25,73,"Analisando"
"1894",25,74,"Analista"
"1895",25,75,"Analisando"
"1896",25,76,"Analista"
"1897",26,1,"Analisando"
"1898",26,2,"Analista"
"1899",26,3,"Analisando"
"1900",26,4,"Analista"
"1901",26,5,"Analisando"
"1902",26,6,"Analista"
"1903",26,7,"Analisando"
"1904",26,8,"Analista"
"1905",26,9,"Analisando"
"1906",26,10,"Analista"
"1907",26,11,"Analisando"
"1908",26,12,"Analista"
"1909",26,13,"Analisando"
"1910",26,14,"Analista"
"1911",26,15,"Analisando"
"1912",26,16,"Analista"
"1913",26,17,"Analisando"
"1914",26,18,"Analista"
"1915",26,19,"Analisando"
"1916",26,20,"Analista"
"1917",26,21,"Analisando"
"1918",26,22,"Analista"
"1919",26,23,"Analisando"
"1920",26,24,"Analista"
"1921",26,25,"Analisando"
"1922",26,26,"Analista"
"1923",26,27,"Analisando"
"1924",26,28,"Analista"
"1925",26,29,"Analisando"
"1926",26,30,"Analista"
"1927",26,31,"Analisando"
"1928",26,32,"Analista"
"1929",26,33,"Analisando"
"1930",26,34,"Analista"
"1931",26,35,"Analisando"
"1932",26,36,"Analista"
"1933",26,37,"Analisando"
"1934",26,38,"Analista"
"1935",26,39,"Analisando"
"1936",26,40,"Analista"
"1937",26,41,"Analisando"
"1938",26,42,"Analista"
"1939",26,43,"Analisando"
"1940",26,44,"Analista"
"1941",26,45,"Analisando"
"1942",26,46,"Analista"
"1943",26,47,"Analisando"
"1944",26,48,"Analista"
"1945",26,49,"Analisando"
"1946",26,50,"Analista"
"1947",26,51,"Analisando"
"1948",26,52,"Analista"
"1949",26,53,"Analisando"
"1950",26,54,"Analista"
"1951",26,55,"Analisando"
"1952",26,56,"Analista"
"1953",26,57,"Analisando"
"1954",26,58,"Analista"
"1955",26,59,"Analisando"
"1956",26,60,"Analista"
"1957",26,61,"Analisando"
"1958",26,62,"Analista"
"1959",26,63,"Analisando"
"1960",26,64,"Analista"
"1961",26,65,"Analisando"
"1962",26,66,"Analista"
"1963",26,67,"Analisando"
"1964",26,68,"Analista"
"1965",26,69,"Analisando"
"1966",26,70,"Analista"
"1967",26,71,"Analisando"
"1968",26,72,"Analista"
"1969",26,73,"Analisando"
"1970",26,74,"Analista"
"1971",26,75,"Analisando"
"1972",26,76,"Analista"
"1973",26,77,"Analisando"
"1974",26,78,"Analista"
"1975",26,79,"Analisando"
"1976",26,80,"Analista"
"1977",26,81,"Analisando"
"1978",26,82,"Analista"
"1979",26,83,"Analisando"
"1980",26,84,"Analista"
"1981",26,85,"Analisando"
"1982",26,86,"Analista"
"1983",26,87,"Analisando"
"1984",26,88,"Analista"
"1985",27,1,"Analisando"
"1986",27,2,"Analista"
"1987",27,3,"Analisando"
"1988",27,4,"Analista"
"1989",27,5,"Analisando"
"1990",27,6,"Analista"
"1991",27,7,"Analisando"
"1992",27,8,"Analista"
"1993",27,9,"Analisando"
"1994",27,10,"Analista"
"1995",27,11,"Analisando"
"1996",27,12,"Analista"
"1997",27,13,"Analisando"
"1998",27,14,"Analista"
"1999",27,15,"Analisando"
"2000",27,16,"Analista"
"2001",27,17,"Analisando"
"2002",27,18,"Analista"
"2003",27,19,"Analisando"
"2004",27,20,"Analista"
"2005",27,21,"Analisando"
"2006",27,22,"Analista"
"2007",27,23,"Analisando"
"2008",27,24,"Analista"
"2009",27,25,"Analisando"
"2010",27,26,"Analista"
"2011",27,27,"Analisando"
"2012",27,28,"Analista"
"2013",27,29,"Analisando"
"2014",27,30,"Analista"
"2015",27,31,"Analisando"
"2016",27,32,"Analista"
"2017",27,33,"Analisando"
"2018",27,34,"Analista"
"2019",27,35,"Analisando"
"2020",27,36,"Analista"
"2021",27,37,"Analisando"
"2022",27,38,"Analista"
"2023",27,39,"Analisando"
"2024",27,40,"Analista"
"2025",27,41,"Analisando"
"2026",27,42,"Analista"
"2027",27,43,"Analisando"
"2028",27,44,"Analista"
"2029",28,1,"Analisando"
"2030",28,2,"Analista"
"2031",28,3,"Analisando"
"2032",28,4,"Analista"
"2033",28,5,"Analisando"
"2034",28,6,"Analista"
"2035",28,7,"Analisando"
"2036",28,8,"Analista"
"2037",28,9,"Analisando"
"2038",28,10,"Analista"
"2039",28,11,"Analisando"
"2040",28,12,"Analista"
"2041",28,13,"Analisando"
"2042",28,14,"Analista"
"2043",28,15,"Analisando"
"2044",28,16,"Analista"
"2045",28,17,"Analisando"
"2046",28,18,"Analista"
"2047",28,19,"Analisando"
"2048",28,20,"Analista"
"2049",28,21,"Analisando"
"2050",28,22,"Analista"
"2051",28,23,"Analisando"
"2052",28,24,"Analista"
"2053",28,25,"Analisando"
"2054",28,26,"Analista"
"2055",28,27,"Analisando"
"2056",28,28,"Analista"
"2057",28,29,"Analisando"
"2058",28,30,"Analista"
"2059",28,31,"Analisando"
"2060",28,32,"Analista"
"2061",28,33,"Analisando"
"2062",28,34,"Analista"
"2063",28,35,"Analisando"
"2064",28,36,"Analista"
"2065",28,37,"Analisando"
"2066",28,38,"Analista"
"2067",28,39,"Analisando"
"2068",28,40,"Analista"
"2069",28,41,"Analisando"
"2070",28,42,"Analista"
"2071",28,43,"Analisando"
"2072",28,44,"Analista"
"2073",28,45,"Analisando"
"2074",28,46,"Analista"
"2075",28,47,"Analisando"
"2076",28,48,"Analista"
"2077",28,49,"Analisando"
"2078",28,50,"Analista"
"2079",28,51,"Analisando"
"2080",28,52,"Analista"
"2081",28,53,"Analisando"
"2082",28,54,"Analista"
"2083",29,1,"Analisando"
"2084",29,2,"Analista"
"2085",29,3,"Analisando"
"2086",29,4,"Analista"
"2087",29,5,"Analisando"
"2088",29,6,"Analista"
"2089",29,7,"Analisando"
"2090",29,8,"Analista"
"2091",29,9,"Analisando"
"2092",29,10,"Analista"
"2093",29,11,"Analisando"
"2094",29,12,"Analista"
"2095",29,13,"Analisando"
"2096",29,14,"Analista"
"2097",29,15,"Analisando"
"2098",29,16,"Analista"
"2099",29,17,"Analisando"
"2100",29,18,"Analista"
"2101",29,19,"Analisando"
"2102",29,20,"Analista"
"2103",29,21,"Analisando"
"2104",29,22,"Analista"
"2105",29,23,"Analisando"
"2106",29,24,"Analista"
"2107",29,25,"Analisando"
"2108",29,26,"Analista"
"2109",29,27,"Analisando"
"2110",29,28,"Analista"
"2111",29,29,"Analisando"
"2112",29,30,"Analista"
"2113",29,31,"Analisando"
"2114",29,32,"Analista"
"2115",29,33,"Analisando"
"2116",29,34,"Analista"
"2117",29,35,"Analisando"
"2118",29,36,"Analista"
"2119",29,37,"Analisando"
"2120",29,38,"Analista"
"2121",29,39,"Analisando"
"2122",29,40,"Analista"
"2123",29,41,"Analisando"
"2124",29,42,"Analista"
"2125",29,43,"Analisando"
"2126",29,44,"Analista"
"2127",29,45,"Analisando"
"2128",29,46,"Analista"
"2129",29,47,"Analisando"
"2130",29,48,"Analista"
"2131",29,49,"Analisando"
"2132",29,50,"Analista"
"2133",29,51,"Analisando"
"2134",29,52,"Analista"
"2135",29,53,"Analisando"
"2136",29,54,"Analista"
"2137",30,1,"Analisando"
"2138",30,2,"Analista"
"2139",30,3,"Analisando"
"2140",30,4,"Analista"
"2141",30,5,"Analisando"
"2142",30,6,"Analista"
"2143",30,7,"Analisando"
"2144",30,8,"Analista"
"2145",30,9,"Analisando"
"2146",30,10,"Analista"
"2147",30,11,"Analisando"
"2148",30,12,"Analista"
"2149",30,13,"Analisando"
"2150",30,14,"Analista"
"2151",30,15,"Analisando"
"2152",30,16,"Analista"
"2153",30,17,"Analisando"
"2154",30,18,"Analista"
"2155",30,19,"Analisando"
"2156",30,20,"Analista"
"2157",30,21,"Analisando"
"2158",30,22,"Analista"
"2159",30,23,"Analisando"
"2160",30,24,"Analista"
"2161",30,25,"Analisando"
"2162",30,26,"Analista"
"2163",30,27,"Analisando"
"2164",30,28,"Analista"
"2165",30,29,"Analisando"
"2166",30,30,"Analista"
"2167",30,31,"Analisando"
"2168",30,32,"Analista"
"2169",30,33,"Analisando"
"2170",30,34,"Analista"
"2171",30,35,"Analisando"
"2172",30,36,"Analista"
"2173",30,37,"Analisando"
"2174",30,38,"Analista"
"2175",30,39,"Analisando"
"2176",30,40,"Analista"
"2177",30,41,"Analisando"
"2178",30,42,"Analista"
"2179",30,43,"Analisando"
"2180",30,44,"Analista"
"2181",30,45,"Analisando"
"2182",30,46,"Analista"
"2183",30,47,"Analisando"
"2184",30,48,"Analista"
"2185",30,49,"Analisando"
"2186",30,50,"Analista"
"2187",30,51,"Analisando"
"2188",30,52,"Analista"
"2190",30,54,"Analista"
"2191",31,1,"Analisando"
"2192",31,2,"Analista"
"2193",31,3,"Analisando"
"2194",31,4,"Analista"
"2195",31,5,"Analisando"
"2196",31,6,"Analista"
"2197",31,7,"Analisando"
"2198",31,8,"Analista"
"2199",31,9,"Analisando"
"2200",31,10,"Analista"
"2201",31,11,"Analisando"
"2202",31,12,"Analista"
"2203",31,13,"Analisando"
"2204",31,14,"Analista"
"2205",31,15,"Analisando"
"2206",31,16,"Analista"
"2207",31,17,"Analisando"
"2208",31,18,"Analista"
"2209",31,19,"Analisando"
"2210",31,20,"Analista"
"2212",31,22,"Analista"
"2213",31,23,"Analisando"
"2214",31,24,"Analista"
"2215",31,25,"Analisando"
"2216",31,26,"Analista"
"2217",31,27,"Analisando"
"2218",31,28,"Analista"
"2219",31,29,"Analisando"
"2220",31,30,"Analista"
"2221",31,31,"Analisando"
"2222",31,32,"Analista"
"2223",31,33,"Analisando"
"2224",31,34,"Analista"
"2225",31,35,"Analisando"
"2226",31,36,"Analista"
"2227",31,37,"Analisando"
"2228",31,38,"Analista"
"2229",31,39,"Analisando"
"2230",31,40,"Analista"
"2231",31,41,"Analisando"
"2232",31,42,"Analista"
"2233",31,43,"Analisando"
"2234",31,44,"Analista"
"2235",31,45,"Analisando"
"2236",31,46,"Analista"
"2237",31,47,"Analisando"
"2238",31,48,"Analista"
"2239",31,49,"Analisando"
"2240",31,50,"Analista"
"2241",31,51,"Analisando"
"2242",31,52,"Analista"
"2243",31,53,"Analisando"
"2244",31,54,"Analista"
"2245",31,55,"Analisando"
"2247",31,57,"Analisando"
"2248",31,58,"Analista"
"2249",32,1,"Analisando"
"2250",32,2,"Analista"
"2251",32,3,"Analisando"
"2252",32,4,"Analista"
"2253",32,5,"Analisando"
"2254",32,6,"Analista"
"2255",32,7,"Analisando"
"2256",32,8,"Analista"
"2257",32,9,"Analisando"
"2258",32,10,"Analista"
"2259",32,11,"Analisando"
"2260",32,12,"Analista"
"2261",32,13,"Analisando"
"2262",32,14,"Analista"
"2263",32,15,"Analisando"
"2264",32,16,"Analista"
"2265",32,17,"Analisando"
"2266",32,18,"Analista"
"2267",32,19,"Analisando"
"2268",32,20,"Analista"
"2269",32,21,"Analisando"
"2270",32,22,"Analista"
"2271",32,23,"Analisando"
"2272",32,24,"Analista"
"2273",32,25,"Analisando"
"2274",32,26,"Analista"
"2275",32,27,"Analisando"
"2276",32,28,"Analista"
"2277",32,29,"Analisando"
"2278",32,30,"Analista"
"2279",32,31,"Analisando"
"2280",32,32,"Analista"
"2281",32,33,"Analisando"
"2282",32,34,"Analista"
"2283",32,35,"Analisando"
"2284",32,36,"Analista"
"2285",32,37,"Analisando"
"2286",32,38,"Analista"
"2287",32,39,"Analisando"
"2288",32,40,"Analista"
"2289",32,41,"Analisando"
"2290",32,42,"Analista"
"2291",32,43,"Analisando"
"2292",32,44,"Analista"
"2293",32,45,"Analisando"
"2294",32,46,"Analista"
"2295",32,47,"Analisando"
"2296",32,48,"Analista"
"2297",32,49,"Analisando"
"2298",32,50,"Analista"
"2299",32,51,"Analisando"
"2301",32,53,"Analisando"
"2302",32,54,"Analista"
"2303",32,55,"Analisando"
"2304",32,56,"Analista"
"2305",32,57,"Analisando"
"2306",32,58,"Analista"
"2307",32,59,"Analisando"
"2308",32,60,"Analista"
"2309",32,61,"Analisando"
"2310",32,62,"Analista"
"2311",32,63,"Analisando"
"2312",32,64,"Analista"
"2313",32,65,"Analisando"
"2314",32,66,"Analista"
"2315",33,1,"Analisando"
"2316",33,2,"Analista"
"2317",33,3,"Analisando"
"2318",33,4,"Analista"
"2319",33,5,"Analisando"
"2320",33,6,"Analista"
"2321",33,7,"Analisando"
"2322",33,8,"Analista"
"2323",33,9,"Analisando"
"2324",33,10,"Analista"
"2325",33,11,"Analisando"
"2326",33,12,"Analista"
"2327",33,13,"Analisando"
"2328",33,14,"Analista"
"2329",33,15,"Analisando"
"2330",33,16,"Analista"
"2331",33,17,"Analisando"
"2332",33,18,"Analista"
"2333",33,19,"Analisando"
"2334",33,20,"Analista"
"2335",33,21,"Analisando"
"2336",33,22,"Analista"
"2337",33,23,"Analisando"
"2338",33,24,"Analista"
"2339",33,25,"Analisando"
"2340",33,26,"Analista"
"2341",33,27,"Analisando"
"2342",33,28,"Analista"
"2343",33,29,"Analisando"
"2344",33,30,"Analista"
"2345",33,31,"Analisando"
"2346",33,32,"Analista"
"2347",33,33,"Analisando"
"2348",33,34,"Analista"
"2349",33,35,"Analisando"
"2350",33,36,"Analista"
"2351",33,37,"Analisando"
"2352",33,38,"Analista"
"2353",33,39,"Analisando"
"2354",33,40,"Analista"
"2355",33,41,"Analisando"
"2356",33,42,"Analista"
"2357",33,43,"Analisando"
"2358",33,44,"Analista"
"2359",33,45,"Analisando"
"2360",33,46,"Analista"
"2361",33,47,"Analisando"
"2362",33,48,"Analista"
"2363",33,49,"Analisando"
"2364",33,50,"Analista"
"2365",33,51,"Analisando"
"2366",33,52,"Analista"
"2367",33,53,"Analisando"
"2368",33,54,"Analista"
"2369",33,55,"Analisando"
"2370",33,56,"Analista"
"2371",33,57,"Analisando"
"2372",33,58,"Analista"
"2373",33,59,"Analisando"
"2374",33,60,"Analista"
"2375",33,61,"Analisando"
"2376",33,62,"Analista"
"2377",33,63,"Analisando"
"2378",33,64,"Analista"
"2379",33,65,"Analisando"
"2380",33,66,"Analista"
"2381",33,67,"Analisando"
"2382",33,68,"Analista"
"2383",33,69,"Analisando"
"2384",34,1,"Analisando"
"2385",34,2,"Analista"
"2386",34,3,"Analisando"
"2387",34,4,"Analista"
"2388",34,5,"Analisando"
"2389",34,6,"Analista"
"2390",34,7,"Analisando"
"2391",34,8,"Analista"
"2392",34,9,"Analisando"
"2393",34,10,"Analista"
"2394",34,11,"Analisando"
"2395",34,12,"Analista"
"2396",34,13,"Analisando"
"2397",34,14,"Analista"
"2398",34,15,"Analisando"
"2399",34,16,"Analista"
"2400",34,17,"Analisando"
"2401",34,18,"Analista"
"2402",34,19,"Analisando"
"2403",34,20,"Analista"
"2404",34,21,"Analisando"
"2405",34,22,"Analista"
"2406",34,23,"Analisando"
"2407",34,24,"Analista"
"2408",34,25,"Analisando"
"2409",34,26,"Analista"
"2410",34,27,"Analisando"
"2411",34,28,"Analista"
"2412",34,29,"Analisando"
"2413",34,30,"Analista"
"2414",34,31,"Analisando"
"2415",34,32,"Analista"
"2416",34,33,"Analisando"
"2417",34,34,"Analista"
"2418",34,35,"Analisando"
"2419",34,36,"Analista"
"2420",34,37,"Analisando"
"2421",34,38,"Analista"
"2422",34,39,"Analisando"
"2423",34,40,"Analista"
"2424",34,41,"Analisando"
"2425",34,42,"Analista"
"2426",34,43,"Analisando"
"2427",34,44,"Analista"
"2428",34,45,"Analisando"
"2429",34,46,"Analista"
"2430",34,47,"Analisando"
"2431",34,48,"Analista"
"2432",34,49,"Analisando"
"2433",34,50,"Analista"
"2434",34,51,"Analisando"
"2435",34,52,"Analista"
"2436",34,53,"Analisando"
"2437",34,54,"Analista"
"2438",34,55,"Analisando"
"2439",34,56,"Analista"
"2440",34,57,"Analisando"
"2441",34,58,"Analista"
"2442",34,59,"Analisando"
"2443",34,60,"Analista"
"2444",34,61,"Analisando"
"2445",34,62,"Analista"
"2446",34,63,"Analisando"
"2447",34,64,"Analista"
"2448",35,1,"Analisando"
"2449",35,2,"Analista"
"2450",35,3,"Analisando"
"2451",35,4,"Analista"
"2452",35,5,"Analisando"
"2453",35,6,"Analista"
"2454",35,7,"Analisando"
"2455",35,8,"Analista"
"2456",35,9,"Analisando"
"2457",35,10,"Analista"
"2458",35,11,"Analisando"
"2459",35,12,"Analista"
"2460",35,13,"Analisando"
"2461",35,14,"Analista"
"2462",35,15,"Analisando"
"2463",35,16,"Analista"
"2464",35,17,"Analisando"
"2465",35,18,"Analista"
"2466",35,19,"Analisando"
"2467",35,20,"Analista"
"2468",35,21,"Analisando"
"2469",35,22,"Analista"
"2470",35,23,"Analisando"
"2471",35,24,"Analista"
"2472",35,25,"Analisando"
"2473",35,26,"Analista"
"2474",35,27,"Analisando"
"2475",35,28,"Analista"
"2476",35,29,"Analisando"
"2477",35,30,"Analista"
"2478",35,31,"Analisando"
"2479",35,32,"Analista"
"2480",35,33,"Analisando"
"2481",35,34,"Analista"
"2483",35,36,"Analista"
"2484",35,37,"Analisando"
"2485",35,38,"Analista"
"2486",35,39,"Analisando"
"2487",35,40,"Analista"
"2488",35,41,"Analisando"
"2489",35,42,"Analista"
"2490",35,43,"Analisando"
"2491",35,44,"Analista"
"2492",35,45,"Analisando"
"2493",35,46,"Analista"
"2494",35,47,"Analisando"
"2495",35,48,"Analista"
"2496",35,49,"Analisando"
"2497",35,50,"Analista"
"2498",35,51,"Analisando"
"2499",35,52,"Analista"
"2500",35,53,"Analisando"
"2501",35,54,"Analista"
"2502",35,55,"Analisando"
"2503",35,56,"Analista"
"2504",35,57,"Analisando"
"2505",35,58,"Analista"
"2506",35,59,"Analisando"
"2507",35,60,"Analista"
"2508",35,61,"Analisando"
"2509",35,62,"Analista"
"2510",35,63,"Analisando"
"2511",35,64,"Analista"
"2512",35,65,"Analisando"
"2513",35,66,"Analista"
"2514",35,67,"Analisando"
"2515",35,68,"Analista"
"2516",35,69,"Analisando"
"2517",35,70,"Analista"
"2518",35,71,"Analisando"
"2519",35,72,"Analista"
"2520",35,73,"Analisando"
"2521",35,74,"Analista"
"2522",35,75,"Analisando"
"2524",35,77,"Analisando"
"2525",35,78,"Analista"
"2526",35,79,"Analisando"
"2527",35,80,"Analista"
"2528",35,81,"Analisando"
"2529",35,82,"Analista"
"2530",35,83,"Analisando"
"2531",35,84,"Analista"
"2533",35,86,"Analista"
"2534",36,1,"Analisando"
"2535",36,2,"Analista"
"2537",36,4,"Analista"
"2538",36,5,"Analisando"
"2539",36,6,"Analista"
"2540",36,7,"Analisando"
"2541",36,8,"Analista"
"2542",36,9,"Analisando"
"2543",36,10,"Analista"
"2544",36,11,"Analisando"
"2545",36,12,"Analista"
"2546",36,13,"Analisando"
"2547",36,14,"Analista"
"2548",36,15,"Analisando"
"2549",36,16,"Analista"
"2550",36,17,"Analisando"
"2551",36,18,"Analista"
"2552",36,19,"Analisando"
"2553",36,20,"Analista"
"2554",36,21,"Analisando"
"2555",36,22,"Analista"
"2556",36,23,"Analisando"
"2557",36,24,"Analista"
"2558",36,25,"Analisando"
"2559",36,26,"Analista"
"2560",36,27,"Analisando"
"2561",36,28,"Analista"
"2562",36,29,"Analisando"
"2563",36,30,"Analista"
"2564",36,31,"Analisando"
"2565",36,32,"Analista"
"2566",36,33,"Analisando"
"2567",36,34,"Analista"
"2568",36,35,"Analisando"
"2569",36,36,"Analista"
"2570",36,37,"Analisando"
"2571",36,38,"Analista"
"2572",37,1,"Analisando"
"2573",37,2,"Analista"
"2574",37,3,"Analisando"
"2575",37,4,"Analista"
"2576",37,5,"Analisando"
"2577",37,6,"Analista"
"2578",37,7,"Analisando"
"2579",37,8,"Analista"
"2581",37,10,"Analista"
"2582",37,11,"Analisando"
"2583",37,12,"Analista"
"2584",37,13,"Analisando"
"2585",37,14,"Analista"
"2587",37,16,"Analista"
"2588",37,17,"Analisando"
"2590",37,19,"Analisando"
"2591",37,20,"Analista"
"2592",37,21,"Analisando"
"2593",37,22,"Analista"
"2594",37,23,"Analisando"
"2595",37,24,"Analista"
"2596",37,25,"Analisando"
"2597",37,26,"Analista"
"2598",37,27,"Analisando"
"2599",37,28,"Analista"
"2600",37,29,"Analisando"
"2601",37,30,"Analista"
"2603",37,32,"Analista"
"2604",37,33,"Analisando"
"2605",37,34,"Analista"
"2606",37,35,"Analisando"
"2607",37,36,"Analista"
"2608",37,37,"Analisando"
"2609",37,38,"Analista"
"2610",37,39,"Analisando"
"2611",37,40,"Analista"
"2613",37,42,"Analista"
"2615",37,44,"Analista"
"2616",37,45,"Analisando"
"2617",37,46,"Analista"
"2618",37,47,"Analisando"
"2619",37,48,"Analista"
"2620",37,49,"Analisando"
"2621",37,50,"Analista"
"2622",37,51,"Analisando"
"2623",37,52,"Analista"
"2624",37,53,"Analisando"
"2625",37,54,"Analista"
"2626",37,55,"Analisando"
"2627",37,56,"Analista"
"2628",37,57,"Analisando"
"2629",37,58,"Analista"
"2630",37,59,"Analisando"
"2631",37,60,"Analista"
"2632",37,61,"Analisando"
"2633",37,62,"Analista"
"2634",37,63,"Analisando"
"2635",37,64,"Analista"
"2636",37,65,"Analisando"
"2637",37,66,"Analista"
"2638",37,67,"Analisando"
"2639",37,68,"Analista"
"2640",38,1,"Analisando"
"2641",38,2,"Analista"
"2642",38,3,"Analisando"
"2643",38,4,"Analista"
"2644",38,5,"Analisando"
"2645",38,6,"Analista"
"2646",38,7,"Analisando"
"2647",38,8,"Analista"
"2648",38,9,"Analisando"
"2649",38,10,"Analista"
"2650",38,11,"Analisando"
"2651",38,12,"Analista"
"2652",38,13,"Analisando"
"2653",38,14,"Analista"
"2654",38,15,"Analisando"
"2655",38,16,"Analista"
"2656",38,17,"Analisando"
"2657",38,18,"Analista"
"2658",38,19,"Analisando"
"2659",38,20,"Analista"
"2660",38,21,"Analisando"
"2661",38,22,"Analista"
"2662",38,23,"Analisando"
"2663",38,24,"Analista"
"2664",38,25,"Analisando"
"2665",38,26,"Analista"
"2666",38,27,"Analisando"
"2667",38,28,"Analista"
"2668",38,29,"Analisando"
"2669",38,30,"Analista"
"2670",38,31,"Analisando"
"2671",38,32,"Analista"
"2672",38,33,"Analisando"
"2673",38,34,"Analista"
"2674",38,35,"Analisando"
"2675",38,36,"Analista"
"2676",38,37,"Analisando"
"2677",38,38,"Analista"
"2678",38,39,"Analisando"
"2679",38,40,"Analista"
"2680",38,41,"Analisando"
"2681",38,42,"Analista"
"2682",38,43,"Analisando"
"2683",38,44,"Analista"
"2684",38,45,"Analisando"
"2685",38,46,"Analista"
"2686",38,47,"Analisando"
"2687",38,48,"Analista"
"2688",38,49,"Analisando"
"2689",38,50,"Analista"
"2690",38,51,"Analisando"
"2691",38,52,"Analista"
"2692",38,53,"Analisando"
"2693",38,54,"Analista"
"2694",38,55,"Analisando"
"2695",38,56,"Analista"
"2696",38,57,"Analisando"
"2697",38,58,"Analista"
"2698",38,59,"Analisando"
"2699",38,60,"Analista"
"2700",38,61,"Analisando"
"2701",38,62,"Analista"
"2702",38,63,"Analisando"
"2703",38,64,"Analista"
"2705",38,66,"Analista"
"2706",38,67,"Analisando"
"2707",38,68,"Analista"
"2708",38,69,"Analisando"
"2709",38,70,"Analista"
"2710",38,71,"Analisando"
"2711",38,72,"Analista"
"2712",38,73,"Analisando"
"2713",38,74,"Analista"
"2714",38,75,"Analisando"
"2715",38,76,"Analista"
"2716",38,77,"Analisando"
"2717",38,78,"Analista"
"2718",38,79,"Analisando"
"2719",38,80,"Analista"
"2720",38,81,"Analisando"
"2721",38,82,"Analista"
"2722",38,83,"Analisando"
"2723",38,84,"Analista"
"2724",38,85,"Analisando"
"2725",38,86,"Analista"
"2726",38,87,"Analisando"
"2727",38,88,"Analista"
"2729",38,90,"Analista"
"2730",39,1,"Analisando"
"2731",39,2,"Analista"
"2732",39,3,"Analisando"
"2733",39,4,"Analista"
"2734",39,5,"Analisando"
"2735",39,6,"Analista"
"2736",39,7,"Analisando"
"2737",39,8,"Analista"
"2738",39,9,"Analisando"
"2739",39,10,"Analista"
"2740",39,11,"Analisando"
"2741",39,12,"Analista"
"2742",39,13,"Analisando"
"2743",39,14,"Analista"
"2744",39,15,"Analisando"
"2745",39,16,"Analista"
"2746",39,17,"Analisando"
"2747",39,18,"Analista"
"2748",39,19,"Analisando"
"2749",39,20,"Analista"
"2750",39,21,"Analisando"
"2751",39,22,"Analista"
"2752",39,23,"Analisando"
"2753",39,24,"Analista"
"2754",39,25,"Analisando"
"2755",39,26,"Analista"
"2756",39,27,"Analisando"
"2757",39,28,"Analista"
"2758",39,29,"Analisando"
"2759",39,30,"Analista"
"2760",39,31,"Analisando"
"2761",39,32,"Analista"
"2762",39,33,"Analisando"
"2763",39,34,"Analista"
"2764",39,35,"Analisando"
"2765",39,36,"Analista"
"2766",39,37,"Analisando"
"2767",39,38,"Analista"
"2768",39,39,"Analisando"
"2769",39,40,"Analista"
"2770",39,41,"Analisando"
"2771",39,42,"Analista"
"2772",39,43,"Analisando"
"2773",39,44,"Analista"
"2774",39,45,"Analisando"
"2775",39,46,"Analista"
"2776",39,47,"Analisando"
"2777",39,48,"Analista"
"2778",39,49,"Analisando"
"2779",39,50,"Analista"
"2780",39,51,"Analisando"
"2781",39,52,"Analista"
"2782",40,1,"Analisando"
"2783",40,2,"Analista"
"2784",40,3,"Analisando"
"2785",40,4,"Analista"
"2786",40,5,"Analisando"
"2787",40,6,"Analista"
"2788",40,7,"Analisando"
"2789",40,8,"Analista"
"2790",40,9,"Analisando"
"2791",40,10,"Analista"
"2792",40,11,"Analisando"
"2793",40,12,"Analista"
"2794",40,13,"Analisando"
"2795",40,14,"Analista"
"2796",40,15,"Analisando"
"2797",40,16,"Analista"
"2798",40,17,"Analisando"
"2799",40,18,"Analista"
"2800",40,19,"Analisando"
"2801",40,20,"Analista"
"2802",40,21,"Analisando"
"2803",40,22,"Analista"
"2804",40,23,"Analisando"
"2805",40,24,"Analista"
"2806",40,25,"Analisando"
"2807",40,26,"Analista"
"2808",40,27,"Analisando"
"2809",40,28,"Analista"
"2810",40,29,"Analisando"
"2811",40,30,"Analista"
"2812",40,31,"Analisando"
"2813",40,32,"Analista"
"2814",40,33,"Analisando"
"2815",40,34,"Analista"
"2816",40,35,"Analisando"
"2817",40,36,"Analista"
"2818",40,37,"Analisando"
"2819",40,38,"Analista"
"2820",40,39,"Analisando"
"2821",40,40,"Analista"
"2822",40,41,"Analisando"
"2823",40,42,"Analista"
"2824",40,43,"Analisando"
"2825",40,44,"Analista"
"2826",40,45,"Analisando"
"2827",40,46,"Analista"
"2828",40,47,"Analisando"
"2829",40,48,"Analista"
"2830",40,49,"Analisando"
"2831",40,50,"Analista"
"2832",40,51,"Analisando"
"2833",40,52,"Analista"
"2834",40,53,"Analisando"
"2835",40,54,"Analista"
"2836",40,55,"Analisando"
"2837",40,56,"Analista"
"2838",40,57,"Analisando"
"2839",40,58,"Analista"
"2840",40,59,"Analisando"
"2841",40,60,"Analista"
"2842",40,61,"Analisando"
"2843",40,62,"Analista"
"2844",40,63,"Analisando"
"2845",40,64,"Analista"
"2846",40,65,"Analisando"
"2847",40,66,"Analista"
"2848",40,67,"Analisando"
"2849",40,68,"Analista"
"2850",40,69,"Analisando"
"2851",40,70,"Analista"
"2852",40,71,"Analisando"
"2853",40,72,"Analista"
"2854",40,73,"Analisando"
"2855",40,74,"Analista"
"2856",40,75,"Analisando"
"2857",40,76,"Analista"
"2858",40,77,"Analisando"
"2859",40,78,"Analista"
"2860",40,79,"Analisando"
"2861",40,80,"Analista"
"2862",40,81,"Analisando"
"2863",40,82,"Analista"
"2864",40,83,"Analisando"
"2865",40,84,"Analista"
"2866",40,85,"Analisando"
"2867",40,86,"Analista"
"2868",41,1,"Analisando"
"2869",41,2,"Analista"
"2870",41,3,"Analisando"
"2871",41,4,"Analista"
"2872",41,5,"Analisando"
"2873",41,6,"Analista"
"2874",41,7,"Analisando"
"2875",41,8,"Analista"
"2876",41,9,"Analisando"
"2877",41,10,"Analista"
"2878",41,11,"Analisando"
"2879",41,12,"Analista"
"2880",41,13,"Analisando"
"2881",41,14,"Analista"
"2882",41,15,"Analisando"
"2883",41,16,"Analista"
"2884",41,17,"Analisando"
"2885",41,18,"Analista"
"2886",41,19,"Analisando"
"2887",41,20,"Analista"
"2888",41,21,"Analisando"
"2889",41,22,"Analista"
"2890",41,23,"Analisando"
"2891",41,24,"Analista"
"2892",41,25,"Analisando"
"2893",41,26,"Analista"
"2894",41,27,"Analisando"
"2895",41,28,"Analista"
"2896",41,29,"Analisando"
"2897",41,30,"Analista"
"2898",41,31,"Analisando"
"2899",41,32,"Analista"
"2900",41,33,"Analisando"
"2901",41,34,"Analista"
"2903",41,36,"Analista"
"2904",41,37,"Analisando"
"2905",41,38,"Analista"
"2906",41,39,"Analisando"
"2907",41,40,"Analista"
"2908",41,41,"Analisando"
"2909",41,42,"Analista"
"2910",41,43,"Analisando"
"2911",41,44,"Analista"
"2912",41,45,"Analisando"
"2913",41,46,"Analista"
"2914",41,47,"Analisando"
"2915",41,48,"Analista"
"2916",41,49,"Analisando"
"2917",41,50,"Analista"
"2918",41,51,"Analisando"
"2919",41,52,"Analista"
"2920",41,53,"Analisando"
"2921",41,54,"Analista"
"2922",41,55,"Analisando"
"2923",41,56,"Analista"
"2924",41,57,"Analisando"
"2925",41,58,"Analista"
"2926",41,59,"Analisando"
"2927",41,60,"Analista"
"2928",41,61,"Analisando"
"2929",41,62,"Analista"
"2930",41,63,"Analisando"
"2931",41,64,"Analista"
"2932",41,65,"Analisando"
"2933",41,66,"Analista"
"2934",41,67,"Analisando"
"2935",41,68,"Analista"
"2936",41,69,"Analisando"
"2937",41,70,"Analista"
"2938",41,71,"Analisando"
"2939",41,72,"Analista"
"2940",41,73,"Analisando"
"2941",41,74,"Analista"
"2942",42,1,"Analisando"
"2943",42,2,"Analista"
"2944",42,3,"Analisando"
"2945",42,4,"Analista"
"2946",42,5,"Analisando"
"2947",42,6,"Analista"
"2948",42,7,"Analisando"
"2949",42,8,"Analista"
"2950",42,9,"Analisando"
"2951",42,10,"Analista"
"2952",42,11,"Analisando"
"2953",42,12,"Analista"
"2954",42,13,"Analisando"
"2955",42,14,"Analista"
"2956",42,15,"Analisando"
"2957",42,16,"Analista"
"2958",42,17,"Analisando"
"2959",42,18,"Analista"
"2961",42,20,"Analista"
"2962",42,21,"Analisando"
"2963",42,22,"Analista"
"2964",42,23,"Analisando"
"2965",42,24,"Analista"
"2966",42,25,"Analisando"
"2967",42,26,"Analista"
"2969",42,28,"Analista"
"2970",42,29,"Analisando"
"2971",42,30,"Analista"
"2972",42,31,"Analisando"
"2973",42,32,"Analista"
"2974",42,33,"Analisando"
"2975",42,34,"Analista"
"2976",42,35,"Analisando"
"2977",42,36,"Analista"
"2978",42,37,"Analisando"
"2979",42,38,"Analista"
"2980",42,39,"Analisando"
"2981",42,40,"Analista"
"2982",42,41,"Analisando"
"2983",42,42,"Analista"
"2984",42,43,"Analisando"
"2985",42,44,"Analista"
"2986",42,45,"Analisando"
"2987",42,46,"Analista"
"2988",42,47,"Analisando"
"2989",42,48,"Analista"
"2990",42,49,"Analisando"
"2991",42,50,"Analista"
"2993",42,52,"Analista"
"2994",42,53,"Analisando"
"2995",42,54,"Analista"
"2996",42,55,"Analisando"
"2997",42,56,"Analista"
"2998",42,57,"Analisando"
"2999",42,58,"Analista"
"3000",42,59,"Analisando"
"3001",42,60,"Analista"
"3002",42,61,"Analisando"
"3003",42,62,"Analista"
"3004",42,63,"Analisando"
"3005",42,64,"Analista"
"3006",42,65,"Analisando"
"3007",42,66,"Analista"
"3008",42,67,"Analisando"
"3009",42,68,"Analista"
"3011",42,70,"Analista"
"3012",42,71,"Analisando"
"3013",42,72,"Analista"
"3014",42,73,"Analisando"
"3015",42,74,"Analista"
"3016",42,75,"Analisando"
"3017",42,76,"Analista"
"3018",42,77,"Analisando"
"3019",42,78,"Analista"
"3020",42,79,"Analisando"
"3021",42,80,"Analista"
"3023",42,82,"Analista"
"3024",43,1,"Analisando"
"3025",43,2,"Analista"
"3026",43,3,"Analisando"
"3027",43,4,"Analista"
"3028",43,5,"Analisando"
"3029",43,6,"Analista"
"3030",43,7,"Analisando"
"3032",43,9,"Analisando"
"3033",43,10,"Analista"
"3034",43,11,"Analisando"
"3035",43,12,"Analista"
"3036",43,13,"Analisando"
"3037",43,14,"Analista"
"3038",43,15,"Analisando"
"3039",43,16,"Analista"
"3040",43,17,"Analisando"
"3041",43,18,"Analista"
"3042",43,19,"Analisando"
"3043",43,20,"Analista"
"3044",43,21,"Analisando"
"3045",43,22,"Analista"
"3046",43,23,"Analisando"
"3047",43,24,"Analista"
"3048",43,25,"Analisando"
"3049",43,26,"Analista"
"3050",43,27,"Analisando"
"3051",43,28,"Analista"
"3053",43,30,"Analista"
"3054",43,31,"Analisando"
"3055",43,32,"Analista"
"3056",43,33,"Analisando"
"3057",43,34,"Analista"
"3058",43,35,"Analisando"
"3059",43,36,"Analista"
"3060",44,1,"Analisando"
"3061",44,2,"Analista"
"3062",44,3,"Analisando"
"3063",44,4,"Analista"
"3064",44,5,"Analisando"
"3065",44,6,"Analista"
"3066",44,7,"Analisando"
"3067",44,8,"Analista"
"3068",44,9,"Analisando"
"3069",44,10,"Analista"
"3070",44,11,"Analisando"
"3071",44,12,"Analista"
"3072",44,13,"Analisando"
"3073",44,14,"Analista"
"3074",44,15,"Analisando"
"3075",44,16,"Analista"
"3076",44,17,"Analisando"
"3077",44,18,"Analista"
"3078",44,19,"Analisando"
"3079",44,20,"Analista"
"3080",44,21,"Analisando"
"3081",44,22,"Analista"
"3082",44,23,"Analisando"
"3083",44,24,"Analista"
"3084",44,25,"Analisando"
"3085",44,26,"Analista"
"3086",44,27,"Analisando"
"3087",44,28,"Analista"
"3088",44,29,"Analisando"
"3089",44,30,"Analista"
"3090",44,31,"Analisando"
"3091",44,32,"Analista"
"3092",45,1,"Analisando"
"3093",45,2,"Analista"
"3094",45,3,"Analisando"
"3095",45,4,"Analista"
"3096",45,5,"Analisando"
"3097",45,6,"Analista"
"3098",45,7,"Analisando"
"3099",45,8,"Analista"
"3100",45,9,"Analisando"
"3101",45,10,"Analista"
"3102",45,11,"Analisando"
"3103",45,12,"Analista"
"3104",45,13,"Analisando"
"3105",45,14,"Analista"
"3106",45,15,"Analisando"
"3107",45,16,"Analista"
"3108",45,17,"Analisando"
"3109",45,18,"Analista"
"3110",45,19,"Analisando"
"3111",45,20,"Analista"
"3112",45,21,"Analisando"
"3113",45,22,"Analista"
"3114",45,23,"Analisando"
"3115",45,24,"Analista"
"3116",45,25,"Analisando"
"3117",45,26,"Analista"
"3118",45,27,"Analisando"
"3119",45,28,"Analista"
"3120",45,29,"Analisando"
"3121",45,30,"Analista"
"3122",45,31,"Analisando"
"3123",45,32,"Analista"
"3124",45,33,"Analisando"
"3125",45,34,"Analista"
"3126",45,35,"Analisando"
"3127",45,36,"Analista"
"3128",45,37,"Analisando"
"3129",45,38,"Analista"
"3130",45,39,"Analisando"
"3131",45,40,"Analista"
"3132",45,41,"Analisando"
"3133",45,42,"Analista"
"3134",45,43,"Analisando"
"3135",45,44,"Analista"
"3136",45,45,"Analisando"
"3137",45,46,"Analista"
"3138",45,47,"Analisando"
"3139",45,48,"Analista"
"3140",45,49,"Analisando"
"3141",45,50,"Analista"
"3142",45,51,"Analisando"
"3143",45,52,"Analista"
"3144",45,53,"Analisando"
"3145",45,54,"Analista"
"3146",45,55,"Analisando"
"3147",45,56,"Analista"
"3148",45,57,"Analisando"
"3149",45,58,"Analista"
"3150",46,1,"Analisando"
"3151",46,2,"Analista"
"3152",46,3,"Analisando"
"3153",46,4,"Analista"
"3154",46,5,"Analisando"
"3155",46,6,"Analista"
"3156",46,7,"Analisando"
"3157",46,8,"Analista"
"3159",46,10,"Analista"
"3160",46,11,"Analisando"
"3161",46,12,"Analista"
"3163",46,14,"Analista"
"3164",46,15,"Analisando"
"3165",46,16,"Analista"
"3166",46,17,"Analisando"
"3167",46,18,"Analista"
"3168",46,19,"Analisando"
"3169",46,20,"Analista"
"3170",46,21,"Analisando"
"3171",46,22,"Analista"
"3172",46,23,"Analisando"
"3173",46,24,"Analista"
"3174",46,25,"Analisando"
"3175",46,26,"Analista"
"3176",46,27,"Analisando"
"3177",46,28,"Analista"
"3178",46,29,"Analisando"
"3179",46,30,"Analista"
"3180",46,31,"Analisando"
"3181",46,32,"Analista"
"3182",46,33,"Analisando"
"3183",46,34,"Analista"
"3184",46,35,"Analisando"
"3185",46,36,"Analista"
"3186",46,37,"Analisando"
"3187",46,38,"Analista"
"3189",46,40,"Analista"
"3190",46,41,"Analisando"
"3191",46,42,"Analista"
"3192",46,43,"Analisando"
"3193",46,44,"Analista"
"3194",47,1,"Analisando"
"3195",47,2,"Analista"
"3196",47,3,"Analisando"
"3197",47,4,"Analista"
"3198",47,5,"Analisando"
"3199",47,6,"Analista"
"3200",47,7,"Analisando"
"3201",47,8,"Analista"
"3202",47,9,"Analisando"
"3203",47,10,"Analista"
"3204",47,11,"Analisando"
"3205",47,12,"Analista"
"3206",47,13,"Analisando"
"3207",47,14,"Analista"
"3208",47,15,"Analisando"
"3209",47,16,"Analista"
"3210",47,17,"Analisando"
"3211",47,18,"Analista"
"3212",47,19,"Analisando"
"3213",47,20,"Analista"
"3214",47,21,"Analisando"
"3215",47,22,"Analista"
"3216",47,23,"Analisando"
"3217",47,24,"Analista"
"3218",47,25,"Analisando"
"3219",47,26,"Analista"
